attendance_rate,engagement_score,assignment_completion_rate,avg_assignment_score,avg_grade_points,avg_login_count,time_spent_minutes,consecutive_absences,repeat_courses,forum_posts,late_submissions,help_requests,total_enrollments,student_id,outcome,enrollment_date,school_id,program_id,year_of_study
72.45,72.93,84.72,74.19,3.51,5.41,221.27,4,0,10,2,5,7,1000,active,2023-01-01,4,16,4
86.08,80.35,83.8,91.5,2.97,6.65,163.25,0,0,17,2,11,6,1001,graduated,2020-01-01,3,8,4
33.64,61.11,41.19,66.23,1.99,1.9,108.33,8,3,2,0,3,4,1002,dropped_out,2021-09-01,5,12,4
50.65,47.35,68.1,65.23,3.19,3.69,128.75,11,2,3,8,13,7,1003,dropped_out,2022-09-01,5,11,3
42.82,64.2,68.09,78.73,3.23,6.86,98.96,2,0,5,2,0,5,1004,active,2023-09-01,3,9,2
45.1,57.93,47.52,45.84,1.05,3.6,112.89,9,3,3,7,5,5,1005,dropped_out,2020-01-01,3,4,2
61.64,93.56,80.53,82.87,3.51,7.27,339.97,0,0,11,4,6,7,1006,graduated,2021-01-01,4,9,3
60.51,53.72,77.86,75.41,2.68,7.52,296.4,3,0,11,4,5,6,1007,active,2020-01-01,3,8,3
73.76,89.11,88.78,94.74,3.59,7.1,300.34,0,0,16,2,6,5,1008,graduated,2021-09-01,1,18,2
60.62,53.77,68.69,76.06,2.39,3.99,227.1,5,1,11,3,0,3,1009,active,2022-01-01,1,18,3
31.23,51.78,68.04,43.38,2.3,2.06,116.63,5,1,3,9,5,6,1010,dropped_out,2021-09-01,1,1,3
58.68,71.79,64.66,69.67,3.04,4.45,268.49,3,0,3,8,11,5,1011,active,2023-09-01,4,11,2
90.6,88.1,75.14,56.21,2.38,7.62,142.17,5,0,4,7,0,5,1012,active,2020-09-01,4,4,1
90.4,78.73,85.42,95.07,3.53,6.04,333.65,0,1,8,4,4,5,1013,graduated,2023-09-01,1,19,1
73.19,78.23,94.53,88.53,3.39,7.93,383.92,0,1,10,8,2,3,1014,graduated,2021-01-01,5,10,1
81.54,100.0,82.11,81.81,1.89,7.64,162.03,2,1,6,7,7,5,1015,active,2021-01-01,5,14,2
84.58,100.0,86.04,90.79,2.9,6.72,271.05,1,1,9,4,13,3,1016,graduated,2023-09-01,4,10,4
76.08,82.88,100.0,86.82,3.45,6.79,255.75,1,0,21,4,5,5,1017,graduated,2022-01-01,5,4,2
82.85,69.45,90.69,72.74,3.22,8.07,291.48,2,0,17,5,9,5,1018,graduated,2021-09-01,1,6,2
73.9,77.93,89.23,87.61,3.22,6.21,341.47,0,0,18,5,6,7,1019,graduated,2021-01-01,2,1,4
72.66,71.47,93.25,82.68,2.63,6.13,349.7,1,1,24,3,9,5,1020,graduated,2023-09-01,3,2,2
74.72,85.51,79.38,84.16,2.91,9.86,276.18,0,1,22,2,6,6,1021,graduated,2022-09-01,4,3,2
27.54,40.09,44.71,50.27,2.22,4.28,92.9,5,2,0,7,12,7,1022,dropped_out,2022-01-01,4,4,2
84.65,87.17,100.0,84.29,2.88,12.35,248.99,1,0,21,4,14,3,1023,graduated,2021-09-01,2,3,1
83.59,89.8,84.15,78.76,2.36,7.66,328.35,1,0,17,9,2,4,1024,graduated,2021-09-01,5,19,3
82.2,100.0,88.67,91.26,3.59,11.59,340.64,1,0,8,0,12,5,1025,graduated,2023-01-01,4,10,4
41.57,71.36,61.02,45.72,2.33,1.83,85.28,8,3,1,2,6,3,1026,dropped_out,2022-09-01,4,3,1
77.11,75.76,100.0,64.84,2.75,11.06,318.29,1,0,20,7,3,3,1027,graduated,2023-09-01,5,9,1
72.96,92.01,92.41,87.47,2.92,4.92,246.77,2,1,12,0,6,7,1028,graduated,2020-01-01,5,19,1
76.38,78.1,94.32,81.23,3.45,3.99,172.6,0,0,24,3,11,7,1029,graduated,2022-01-01,2,16,4
80.59,83.96,88.78,94.05,3.44,6.86,445.54,2,1,11,4,6,3,1030,graduated,2022-01-01,5,14,4
47.05,100.0,81.07,87.75,2.65,6.21,219.33,5,1,11,1,10,4,1031,active,2020-09-01,3,14,3
65.67,57.36,81.68,89.9,1.72,6.72,225.02,2,1,5,5,6,5,1032,active,2022-01-01,2,11,4
70.36,78.67,78.62,62.85,2.57,7.66,406.62,0,0,16,6,0,5,1033,graduated,2023-09-01,4,18,1
41.94,60.89,37.65,55.36,1.38,2.16,138.31,10,2,4,3,2,5,1034,dropped_out,2023-01-01,3,9,3
38.1,60.25,60.98,40.49,2.53,3.46,206.13,10,3,0,9,7,6,1035,dropped_out,2020-09-01,5,1,4
35.53,52.63,60.55,57.13,1.28,1.15,97.66,8,1,0,4,3,7,1036,dropped_out,2023-01-01,2,17,3
93.01,77.81,91.94,77.31,2.67,12.16,390.77,2,0,18,4,9,3,1037,graduated,2023-09-01,1,7,3
37.08,72.38,35.87,47.3,1.5,2.51,121.88,9,1,0,2,12,7,1038,dropped_out,2021-09-01,4,16,1
41.01,80.0,71.13,83.39,0.51,5.33,198.57,2,1,14,4,13,5,1039,active,2020-01-01,2,10,1
69.84,82.85,99.91,98.11,3.55,7.63,299.46,1,1,22,2,14,4,1040,graduated,2023-01-01,2,4,4
88.19,86.6,70.63,85.31,3.01,11.17,378.89,0,0,11,9,7,3,1041,graduated,2020-01-01,4,10,3
24.37,59.44,59.61,50.16,1.78,1.0,116.44,7,3,0,6,6,5,1042,dropped_out,2023-09-01,4,8,4
63.87,80.5,60.9,84.33,2.29,3.35,234.99,2,1,4,9,2,5,1043,active,2021-09-01,2,20,2
73.97,93.36,86.11,82.57,3.17,11.87,462.9,1,1,20,8,9,3,1044,graduated,2020-09-01,4,11,3
59.74,100.0,86.42,82.36,2.71,8.58,330.69,2,0,21,9,11,4,1045,graduated,2020-09-01,3,19,4
84.81,77.1,88.23,65.94,3.59,6.56,324.77,1,1,12,9,6,3,1046,graduated,2021-09-01,5,16,3
79.63,72.52,89.65,68.92,3.06,4.28,400.59,1,0,11,5,1,3,1047,graduated,2022-09-01,4,11,2
61.94,93.54,93.69,86.97,3.08,5.67,355.72,2,0,13,5,6,6,1048,graduated,2021-09-01,2,14,1
76.45,91.38,89.16,90.32,3.92,8.35,353.98,2,1,20,4,5,4,1049,graduated,2022-09-01,4,13,2
71.89,70.56,74.98,89.64,3.22,9.02,265.74,1,0,20,2,0,4,1050,graduated,2023-01-01,2,17,3
78.09,100.0,72.44,84.61,2.64,8.96,285.05,2,0,16,0,8,5,1051,graduated,2020-09-01,1,17,4
95.0,65.93,71.8,62.37,2.7,7.13,291.5,3,1,3,7,5,6,1052,active,2020-01-01,4,5,1
68.07,84.04,88.91,78.81,2.96,9.68,300.89,0,0,21,9,13,6,1053,graduated,2023-09-01,3,20,4
77.3,49.39,67.49,35.1,3.74,7.38,263.64,2,1,3,8,0,3,1054,active,2020-09-01,5,13,3
90.09,90.49,69.28,73.19,2.28,11.36,392.88,1,1,22,0,3,5,1055,graduated,2023-01-01,5,3,2
57.69,81.06,58.63,85.56,2.11,9.77,272.16,4,1,6,7,3,7,1056,active,2022-01-01,1,14,1
57.35,59.72,100.0,67.97,3.45,4.82,242.18,5,1,12,4,3,5,1057,active,2020-09-01,2,10,1
77.1,87.61,84.74,90.68,2.62,10.13,229.93,1,0,18,3,3,7,1058,graduated,2020-09-01,1,10,3
70.51,86.73,91.54,100.0,3.3,6.22,239.51,0,1,15,8,5,5,1059,graduated,2022-09-01,2,8,4
30.08,58.74,55.67,68.06,2.35,1.0,181.18,5,1,4,9,8,5,1060,dropped_out,2021-01-01,2,3,4
73.34,91.82,69.43,73.82,3.11,9.76,396.21,0,1,18,2,5,3,1061,graduated,2021-09-01,5,5,2
20.0,59.46,52.23,36.74,2.15,4.35,165.06,8,2,3,8,0,6,1062,dropped_out,2023-09-01,4,9,1
82.13,78.61,86.68,83.49,3.2,8.82,279.35,2,0,24,7,2,4,1063,graduated,2023-09-01,5,6,1
86.32,77.0,100.0,79.01,3.98,7.37,105.91,2,0,14,2,9,4,1064,graduated,2023-09-01,5,10,4
72.27,85.51,95.61,75.76,3.69,4.15,273.77,2,0,15,5,8,7,1065,graduated,2022-09-01,3,7,4
82.0,76.57,85.19,79.24,3.11,10.13,263.58,1,0,23,1,6,4,1066,graduated,2023-01-01,2,13,3
69.54,71.64,100.0,64.47,2.7,6.87,398.95,0,0,13,8,1,7,1067,graduated,2022-09-01,1,13,3
79.69,84.23,83.64,78.64,3.36,8.42,386.2,1,0,24,8,7,4,1068,graduated,2020-01-01,5,16,3
88.77,74.21,93.95,85.48,3.27,8.13,321.11,0,1,12,5,1,7,1069,graduated,2021-09-01,2,7,3
77.93,95.87,86.81,77.76,2.93,12.12,318.75,0,1,13,7,1,6,1070,graduated,2021-01-01,1,10,4
72.83,84.21,100.0,77.04,3.67,9.01,404.23,1,1,9,5,10,3,1071,graduated,2020-09-01,2,3,3
67.8,63.67,65.83,78.61,1.76,3.69,131.87,2,0,4,6,14,7,1072,active,2022-09-01,2,7,2
63.97,70.96,87.01,84.33,2.71,8.79,334.16,2,0,18,1,8,4,1073,graduated,2022-09-01,2,9,4
33.21,69.74,59.31,84.79,1.53,7.92,368.1,2,0,3,0,9,3,1074,active,2022-09-01,1,15,1
73.24,74.45,86.19,88.19,3.63,8.74,369.0,2,0,23,5,7,3,1075,graduated,2021-01-01,4,18,3
69.01,86.02,70.75,40.71,2.67,5.22,249.25,5,0,7,6,8,5,1076,active,2020-09-01,1,9,1
35.76,59.6,63.18,44.26,1.81,2.53,157.53,5,2,2,1,2,7,1077,dropped_out,2023-09-01,3,19,4
57.77,95.39,99.55,83.45,2.44,8.85,403.32,1,0,20,9,11,4,1078,graduated,2022-01-01,2,16,1
91.71,90.71,88.38,57.15,3.69,7.13,289.41,0,1,19,8,9,3,1079,graduated,2022-01-01,1,15,3
80.3,68.32,73.11,86.6,3.08,9.41,364.64,0,0,22,8,14,3,1080,graduated,2023-01-01,2,2,1
76.0,77.37,85.8,84.08,3.43,5.43,369.89,1,0,14,3,3,5,1081,graduated,2022-09-01,1,4,2
87.11,82.35,92.95,86.69,3.0,7.67,313.76,1,0,22,6,0,3,1082,graduated,2021-09-01,4,12,4
42.07,56.27,40.92,46.35,2.2,3.55,133.74,10,1,4,8,8,6,1083,dropped_out,2021-09-01,1,16,4
71.28,86.32,85.1,80.23,3.43,9.59,385.02,0,0,22,5,7,5,1084,graduated,2022-01-01,3,7,4
31.61,59.67,76.53,69.83,1.54,2.72,119.34,10,1,2,9,2,4,1085,dropped_out,2023-01-01,3,4,3
86.83,86.06,89.26,77.35,3.89,7.74,352.81,2,0,20,8,4,4,1086,graduated,2022-01-01,4,9,2
50.75,79.77,65.56,78.34,2.72,5.6,236.67,4,0,12,9,10,7,1087,active,2020-09-01,1,7,1
72.48,88.96,91.35,88.53,3.36,8.05,320.2,0,1,15,1,11,7,1088,graduated,2020-09-01,2,5,2
62.86,82.54,89.75,84.79,3.3,11.65,314.28,2,1,12,5,3,6,1089,graduated,2020-01-01,5,7,2
58.3,77.91,91.1,62.8,1.98,6.33,183.99,2,1,4,3,10,5,1090,active,2022-01-01,5,1,3
39.02,42.95,71.59,33.63,2.37,2.04,115.48,8,1,2,8,6,7,1091,dropped_out,2021-01-01,5,9,2
69.83,90.67,89.95,79.78,2.97,5.94,372.35,0,1,22,4,10,6,1092,graduated,2020-01-01,2,1,3
47.8,52.12,64.62,75.28,2.57,6.61,220.7,2,0,3,8,7,6,1093,active,2021-09-01,1,6,3
47.55,100.0,56.76,77.71,2.69,5.6,145.07,3,1,12,2,3,3,1094,active,2020-01-01,4,17,1
75.95,73.59,92.85,72.05,2.61,9.13,346.68,0,0,9,7,7,5,1095,graduated,2020-09-01,4,12,1
93.7,81.92,90.63,91.4,3.17,10.3,396.48,0,0,16,0,11,3,1096,graduated,2023-01-01,5,2,3
84.77,82.41,88.38,75.39,2.61,8.32,391.0,1,1,8,1,0,3,1097,graduated,2023-01-01,1,16,4
74.23,93.6,93.06,84.11,2.81,9.2,327.97,0,0,16,6,14,3,1098,graduated,2023-01-01,4,15,1
78.2,85.47,80.9,61.97,3.14,7.59,323.96,4,0,6,3,5,4,1099,active,2020-09-01,5,5,1
63.49,97.48,100.0,46.64,2.32,10.33,326.01,2,0,6,7,12,7,1100,active,2021-09-01,5,19,3
86.43,84.81,100.0,83.2,3.89,9.37,322.28,1,0,10,5,14,3,1101,graduated,2023-09-01,4,17,4
35.31,63.52,53.9,55.37,2.05,2.88,161.25,8,2,3,9,4,4,1102,dropped_out,2020-01-01,5,7,4
46.38,70.79,54.54,30.0,1.71,3.38,146.09,10,1,3,2,12,4,1103,dropped_out,2023-01-01,4,11,4
89.01,91.22,91.21,87.44,2.93,9.15,302.51,0,0,22,7,6,3,1104,graduated,2023-09-01,1,11,4
75.04,79.51,90.2,79.05,2.67,10.65,382.82,0,0,8,7,11,6,1105,graduated,2022-09-01,3,5,4
37.62,64.77,55.92,61.73,1.16,3.5,100.25,5,1,0,8,5,6,1106,dropped_out,2020-01-01,1,3,4
66.86,96.24,75.16,91.7,3.4,4.19,362.43,2,0,13,3,1,4,1107,graduated,2020-09-01,2,18,1
75.43,81.39,89.19,83.91,3.01,7.25,287.8,2,0,19,9,3,7,1108,graduated,2022-01-01,4,12,4
70.84,100.0,86.29,65.26,3.23,9.3,328.88,2,1,13,3,6,7,1109,graduated,2020-09-01,5,10,3
32.14,65.05,62.2,64.08,1.39,2.04,96.25,11,2,1,9,13,4,1110,dropped_out,2020-01-01,2,16,2
68.25,90.35,83.86,79.4,3.35,9.51,331.9,0,0,23,4,4,3,1111,graduated,2020-09-01,5,12,1
80.42,78.97,87.49,87.64,3.33,9.14,345.32,0,0,13,3,5,5,1112,graduated,2022-01-01,4,18,1
40.84,65.97,63.41,53.88,1.65,3.88,114.0,10,3,0,4,14,3,1113,dropped_out,2022-01-01,2,9,3
45.83,50.34,61.72,94.63,3.53,2.12,215.72,2,0,12,1,13,3,1114,active,2022-09-01,1,6,2
86.08,92.85,85.4,65.55,2.2,13.08,236.63,0,0,19,3,14,5,1115,graduated,2023-01-01,2,1,1
43.44,65.75,51.97,30.0,2.0,2.31,142.12,6,2,3,2,7,4,1116,dropped_out,2021-09-01,4,15,3
77.21,97.12,94.18,80.41,2.96,5.33,311.94,2,1,17,6,12,3,1117,graduated,2021-09-01,3,11,1
25.26,64.4,54.76,55.71,2.08,2.72,174.57,9,2,3,8,9,3,1118,dropped_out,2020-01-01,2,20,1
95.0,76.52,91.82,97.1,3.5,7.99,339.0,2,0,11,1,7,5,1119,graduated,2020-09-01,4,14,4
71.53,88.38,83.8,77.54,3.01,5.39,149.8,2,0,3,6,4,3,1120,active,2023-09-01,3,7,1
75.12,80.62,80.5,89.53,2.92,7.21,240.41,0,0,9,2,6,7,1121,graduated,2022-09-01,1,10,4
73.06,100.0,100.0,83.69,3.03,9.28,392.24,1,1,11,7,4,3,1122,graduated,2022-01-01,2,13,1
80.01,71.95,100.0,100.0,2.63,6.06,258.65,1,1,12,4,7,4,1123,graduated,2020-01-01,3,7,2
29.24,67.33,38.71,51.82,1.71,2.36,98.85,10,1,3,7,5,6,1124,dropped_out,2022-09-01,3,4,1
78.91,95.49,93.56,79.0,3.07,6.12,394.95,0,1,19,7,3,5,1125,graduated,2023-09-01,2,5,4
69.26,82.47,97.7,76.73,3.26,13.14,343.6,1,1,23,5,3,4,1126,graduated,2021-09-01,1,13,1
80.89,79.54,78.6,65.89,2.59,6.12,323.6,2,1,11,1,6,5,1127,graduated,2023-01-01,4,3,3
70.48,96.03,45.09,92.14,3.33,1.0,242.26,3,1,12,5,2,6,1128,active,2023-09-01,4,10,1
46.67,54.54,66.77,91.44,2.16,2.62,91.11,5,3,0,5,13,7,1129,dropped_out,2023-01-01,3,6,4
40.3,58.84,61.12,50.38,2.3,2.44,77.93,8,1,3,3,1,7,1130,dropped_out,2022-01-01,4,4,2
37.45,62.83,45.48,58.26,2.07,1.22,81.34,7,1,2,1,9,3,1131,dropped_out,2023-09-01,5,3,4
39.19,56.63,47.64,41.0,1.65,2.11,126.82,8,3,3,3,12,6,1132,dropped_out,2022-09-01,2,11,2
72.05,92.6,91.4,71.41,3.55,9.85,422.87,2,0,21,6,4,7,1133,graduated,2020-01-01,5,17,2
73.39,64.27,83.63,72.06,3.36,5.54,331.0,0,1,18,4,3,7,1134,graduated,2022-09-01,2,8,1
64.54,57.1,74.4,63.33,3.3,3.84,60.0,5,0,8,9,4,4,1135,active,2021-09-01,2,6,2
72.65,93.32,83.16,81.12,3.93,9.86,290.73,1,1,18,6,1,5,1136,graduated,2020-01-01,4,15,4
85.37,72.92,85.79,84.59,3.15,10.45,318.19,0,1,18,0,12,5,1137,graduated,2022-09-01,2,15,1
27.22,50.28,69.4,56.24,1.47,1.45,141.47,7,2,1,5,14,6,1138,dropped_out,2023-09-01,3,9,1
54.38,77.61,78.69,69.21,2.08,3.8,316.98,3,0,6,7,1,7,1139,active,2022-01-01,3,15,4
50.23,65.08,61.46,48.42,2.34,2.14,86.43,6,3,3,9,8,4,1140,dropped_out,2020-01-01,3,10,1
53.31,71.68,70.85,61.25,2.78,8.04,308.84,4,0,3,8,14,4,1141,active,2020-09-01,4,19,1
68.07,89.84,77.65,84.95,3.29,8.21,298.13,1,0,20,1,1,7,1142,graduated,2023-01-01,3,20,4
24.26,53.98,58.28,37.9,1.79,3.04,103.03,10,3,4,0,7,5,1143,dropped_out,2021-01-01,4,4,3
82.52,70.91,94.03,79.5,3.35,11.08,360.39,2,1,8,4,2,3,1144,graduated,2020-01-01,1,8,4
77.84,78.16,83.03,73.42,3.34,10.13,385.99,1,0,9,8,12,3,1145,graduated,2023-01-01,3,12,3
76.93,85.12,81.72,77.46,3.46,8.26,345.17,2,1,12,9,3,7,1146,graduated,2023-09-01,3,20,1
31.44,72.11,62.43,45.82,1.57,2.14,104.24,9,1,3,2,7,7,1147,dropped_out,2022-01-01,3,4,4
90.34,100.0,100.0,81.93,3.68,10.55,355.55,2,1,21,2,5,7,1148,graduated,2022-09-01,5,5,3
84.69,83.3,67.59,61.31,1.22,6.92,268.89,2,1,6,0,10,6,1149,active,2020-01-01,3,10,4
79.52,89.61,100.0,78.28,2.77,7.8,335.7,1,0,16,9,4,3,1150,graduated,2021-01-01,3,18,4
46.71,63.56,55.58,77.11,2.06,1.64,187.48,10,1,2,2,4,5,1151,dropped_out,2022-01-01,5,3,4
34.27,44.05,61.16,55.09,1.53,1.33,60.0,10,2,1,2,0,3,1152,dropped_out,2022-01-01,3,10,2
34.97,55.36,50.85,51.73,2.16,2.33,107.24,8,2,3,6,2,6,1153,dropped_out,2021-09-01,4,7,2
69.45,69.51,84.16,92.53,3.49,8.85,309.84,2,1,11,1,0,5,1154,graduated,2021-01-01,1,10,1
94.27,90.89,85.75,76.71,3.23,9.53,226.25,0,0,12,2,6,4,1155,graduated,2020-09-01,5,5,4
73.54,76.49,90.46,85.74,3.15,6.85,310.15,1,0,9,9,10,3,1156,graduated,2021-01-01,2,20,2
38.28,62.39,72.15,69.25,1.13,3.05,110.53,9,2,0,1,9,4,1157,dropped_out,2023-01-01,4,12,2
77.01,93.95,81.26,60.67,3.6,7.9,333.41,2,1,11,3,5,7,1158,graduated,2023-09-01,4,8,2
77.71,77.21,91.68,100.0,3.83,9.26,429.72,1,0,15,0,9,6,1159,graduated,2022-09-01,2,12,4
33.85,72.08,30.0,48.14,1.28,2.37,84.91,7,2,0,3,4,7,1160,dropped_out,2023-09-01,4,17,4
54.06,90.74,54.29,73.19,0.94,8.66,141.7,5,0,5,1,10,3,1161,active,2021-01-01,5,5,3
74.59,85.72,98.85,85.4,2.88,7.4,376.66,1,1,23,0,14,7,1162,graduated,2020-09-01,3,18,1
73.66,76.5,91.43,100.0,3.13,10.47,391.24,0,1,9,9,13,7,1163,graduated,2020-09-01,1,6,3
81.87,83.12,90.29,77.02,3.03,5.84,384.99,1,1,23,4,11,4,1164,graduated,2023-01-01,4,3,2
45.94,57.61,50.6,47.17,1.6,1.58,184.62,5,3,0,4,11,5,1165,dropped_out,2023-09-01,1,14,1
57.84,85.0,70.24,83.02,2.19,7.17,159.48,2,1,8,4,2,3,1166,active,2023-09-01,2,13,1
74.98,93.23,77.47,90.34,3.49,9.83,247.27,0,1,9,7,13,6,1167,graduated,2022-01-01,1,11,1
30.39,56.96,70.69,60.11,1.61,2.12,119.34,10,2,3,3,12,3,1168,dropped_out,2022-01-01,2,2,3
85.08,92.11,83.79,75.54,3.46,7.73,340.37,0,1,15,0,13,3,1169,graduated,2023-01-01,4,15,1
77.84,82.57,94.4,86.28,2.55,6.39,255.93,1,0,21,5,8,7,1170,graduated,2020-01-01,3,7,2
85.19,80.96,94.36,95.93,2.55,7.51,341.2,0,0,23,3,4,5,1171,graduated,2023-01-01,3,8,3
91.77,84.33,83.89,70.8,3.21,7.46,334.46,1,1,15,4,2,6,1172,graduated,2020-01-01,2,14,4
77.12,89.64,97.6,75.26,2.88,9.28,363.64,2,1,19,1,7,4,1173,graduated,2020-01-01,4,20,1
40.83,59.8,47.52,48.7,1.03,2.61,101.22,7,3,2,3,7,3,1174,dropped_out,2021-01-01,3,14,1
61.46,83.36,88.05,100.0,3.63,7.34,348.81,2,1,16,8,7,7,1175,graduated,2022-01-01,5,14,2
77.75,66.37,90.57,69.04,2.65,4.91,245.54,5,0,3,7,11,5,1176,active,2020-09-01,1,17,1
73.28,91.65,86.55,76.58,3.51,11.56,375.27,2,1,12,7,8,5,1177,graduated,2023-09-01,1,13,3
34.98,65.76,67.92,59.68,2.1,1.83,130.7,11,1,4,8,9,4,1178,dropped_out,2022-01-01,3,3,3
62.48,78.49,88.7,53.88,1.92,6.02,276.13,2,1,8,2,13,4,1179,active,2021-01-01,5,11,2
64.5,71.88,73.07,40.61,1.47,4.63,247.43,2,1,9,7,8,6,1180,active,2020-09-01,5,11,2
75.99,90.72,69.97,71.97,2.16,5.58,329.44,3,1,14,1,2,5,1181,active,2023-09-01,2,5,1
37.71,64.6,47.47,53.64,3.3,9.96,302.37,2,1,7,6,3,7,1182,active,2023-01-01,3,7,1
74.71,82.54,94.24,79.91,3.72,11.29,286.27,1,0,24,0,5,7,1183,graduated,2021-01-01,3,10,4
47.78,61.11,73.18,35.53,2.82,2.53,136.73,9,2,1,5,10,7,1184,dropped_out,2023-09-01,1,7,3
35.11,41.96,50.74,65.56,1.75,2.73,129.58,8,1,0,3,0,7,1185,dropped_out,2022-01-01,3,9,1
77.85,88.18,77.86,87.43,3.25,9.81,290.55,2,1,24,4,13,6,1186,graduated,2022-09-01,4,15,4
84.79,90.08,83.93,78.42,2.7,8.83,339.46,2,0,24,2,11,4,1187,graduated,2022-01-01,4,16,3
81.51,100.0,56.56,47.13,2.9,4.84,231.52,2,0,13,4,1,5,1188,active,2022-01-01,4,3,4
68.61,66.08,43.53,99.52,2.19,6.19,211.07,3,1,8,0,2,5,1189,active,2021-09-01,3,4,1
70.73,85.23,87.58,63.85,3.86,8.33,204.53,2,0,18,8,2,4,1190,graduated,2022-09-01,3,15,4
93.49,89.29,90.46,98.95,2.32,5.08,411.05,2,0,10,8,7,6,1191,graduated,2021-09-01,3,15,1
69.81,78.64,79.18,82.79,2.86,9.95,268.26,1,1,23,1,8,5,1192,graduated,2022-09-01,3,2,1
86.64,92.63,92.1,86.32,3.49,9.53,281.51,0,1,16,0,3,5,1193,graduated,2023-09-01,5,6,1
71.86,86.69,81.44,74.08,3.19,5.22,222.05,1,0,20,1,12,7,1194,graduated,2021-09-01,1,5,1
75.54,79.27,90.69,81.29,3.01,9.76,250.04,1,0,22,1,6,5,1195,graduated,2021-09-01,3,13,1
84.64,83.45,85.88,65.47,2.4,9.77,245.64,0,0,24,6,6,4,1196,graduated,2021-09-01,3,12,4
87.62,99.4,97.91,72.26,3.28,7.52,368.43,0,1,22,5,13,6,1197,graduated,2020-01-01,5,12,4
81.14,80.93,87.8,75.74,2.49,7.11,295.44,1,0,13,0,6,4,1198,graduated,2022-09-01,2,4,1
78.12,68.41,84.57,92.6,3.27,6.39,332.46,1,0,20,2,0,6,1199,graduated,2021-09-01,5,13,1
72.01,87.73,88.63,80.31,2.98,6.82,344.63,0,0,19,0,3,3,1200,graduated,2022-09-01,4,7,3
79.6,80.06,85.47,77.5,3.45,10.91,311.63,2,1,16,2,14,4,1201,graduated,2023-01-01,1,5,1
88.17,90.05,89.76,85.92,2.67,11.74,282.7,0,0,8,3,12,7,1202,graduated,2023-01-01,4,3,3
83.04,84.21,84.53,72.08,3.26,7.82,468.03,0,1,18,2,12,3,1203,graduated,2022-01-01,5,18,3
72.72,83.85,61.11,77.55,2.66,3.29,303.08,3,1,12,2,8,5,1204,active,2022-01-01,2,12,2
84.5,91.23,68.72,81.58,3.17,8.53,352.28,1,1,8,3,6,6,1205,graduated,2020-01-01,2,8,4
31.07,52.81,45.84,30.0,1.87,1.0,65.86,9,2,0,0,6,4,1206,dropped_out,2020-09-01,5,19,3
72.2,90.03,78.19,100.0,3.91,12.18,355.46,2,0,16,7,0,3,1207,graduated,2023-01-01,5,3,1
70.53,79.67,90.5,82.21,3.26,7.26,464.44,2,1,22,5,8,3,1208,graduated,2022-09-01,4,17,4
68.46,65.07,66.03,91.19,2.8,3.51,271.46,4,0,7,7,7,6,1209,active,2023-01-01,2,11,1
90.64,76.88,81.51,83.66,2.7,8.03,347.98,0,0,24,1,4,6,1210,graduated,2023-09-01,5,12,2
59.25,62.47,100.0,70.1,1.64,6.46,401.89,2,1,8,5,13,4,1211,active,2021-01-01,4,17,1
27.54,61.92,82.47,39.42,1.02,2.44,164.93,9,3,2,1,10,6,1212,dropped_out,2020-01-01,3,6,2
81.22,78.91,90.48,80.87,3.19,13.06,352.8,1,0,19,4,8,4,1213,graduated,2022-01-01,3,17,3
72.27,86.26,89.3,86.26,3.22,9.6,285.13,2,0,15,9,7,6,1214,graduated,2020-09-01,2,18,3
78.15,90.76,77.65,85.56,2.82,9.44,409.05,1,1,16,4,9,6,1215,graduated,2021-09-01,5,18,1
74.28,71.89,84.43,62.95,1.84,4.26,153.26,3,0,7,8,12,5,1216,active,2021-01-01,2,20,3
80.13,100.0,76.29,75.28,4.0,7.89,314.93,1,1,24,1,12,6,1217,graduated,2020-01-01,1,2,3
87.96,69.67,97.01,71.15,3.09,9.47,359.45,0,1,11,4,10,5,1218,graduated,2021-09-01,5,1,4
43.67,41.76,45.86,49.72,1.71,2.67,155.17,6,1,4,3,6,4,1219,dropped_out,2022-09-01,4,8,4
66.69,89.75,65.16,49.28,2.12,7.87,110.0,3,1,12,2,4,3,1220,active,2022-09-01,1,2,2
89.08,95.13,85.05,89.41,3.01,10.42,382.22,1,1,10,1,8,3,1221,graduated,2023-09-01,4,15,2
63.77,87.56,83.97,88.9,3.17,9.2,290.77,0,0,12,8,9,7,1222,graduated,2022-01-01,3,11,3
20.0,49.7,46.01,69.0,2.41,3.32,109.93,6,2,4,8,10,5,1223,dropped_out,2023-01-01,3,17,1
74.32,75.92,99.68,73.7,2.51,7.3,333.71,2,1,16,0,10,4,1224,graduated,2022-01-01,4,4,3
72.84,41.39,70.59,54.11,2.69,7.23,253.76,2,0,11,2,3,3,1225,active,2023-01-01,2,4,1
86.66,92.96,94.53,90.39,3.17,10.67,375.45,1,0,16,5,5,6,1226,graduated,2022-09-01,5,14,2
33.06,70.58,66.25,50.88,2.12,2.59,60.0,11,2,0,2,10,6,1227,dropped_out,2021-09-01,5,11,2
80.05,82.41,96.6,85.06,3.35,8.76,266.07,0,0,15,2,4,3,1228,graduated,2021-09-01,5,15,4
92.64,72.29,45.77,85.17,2.85,5.24,286.4,5,0,4,7,5,5,1229,active,2022-09-01,1,3,4
71.74,85.02,91.41,81.45,3.13,5.81,360.92,0,0,12,0,5,3,1230,graduated,2023-01-01,2,19,3
76.08,93.07,86.52,79.67,2.63,9.69,279.58,0,0,12,1,13,6,1231,graduated,2020-01-01,3,16,4
33.53,63.4,63.06,51.59,2.13,2.92,113.28,5,1,1,0,1,4,1232,dropped_out,2022-01-01,1,14,2
60.99,71.54,61.14,56.06,3.13,8.59,92.3,5,0,13,2,9,4,1233,active,2022-09-01,4,12,1
64.02,83.98,95.59,76.53,2.69,8.68,343.76,2,0,19,2,3,5,1234,graduated,2023-01-01,5,18,2
35.83,47.0,64.96,75.07,2.21,1.35,152.75,5,3,3,1,12,6,1235,dropped_out,2022-09-01,1,13,4
42.41,63.41,59.69,52.66,1.14,3.55,166.78,8,1,0,8,3,5,1236,dropped_out,2022-01-01,2,4,4
61.16,73.35,82.46,67.89,2.37,7.05,170.85,4,0,11,3,12,5,1237,active,2022-09-01,5,12,2
92.0,96.05,77.66,85.59,3.48,7.49,335.81,0,0,22,0,8,7,1238,graduated,2021-09-01,5,2,1
82.54,77.22,72.98,94.75,3.38,5.8,216.87,2,1,13,2,3,5,1239,graduated,2020-01-01,3,16,4
85.33,79.46,90.64,87.98,2.2,10.46,274.83,0,0,14,0,11,6,1240,graduated,2021-01-01,3,20,3
73.31,92.99,86.1,81.47,3.62,9.37,500.0,2,0,22,1,1,5,1241,graduated,2021-09-01,5,10,3
67.67,88.42,74.68,77.07,3.85,7.55,318.17,2,0,8,5,5,7,1242,graduated,2023-09-01,4,1,3
89.55,89.34,79.69,85.3,3.25,8.83,278.34,0,0,11,7,9,3,1243,graduated,2022-01-01,4,19,3
67.19,74.42,91.85,68.14,3.42,9.6,304.7,0,1,14,0,0,7,1244,graduated,2020-09-01,3,19,2
89.59,81.2,96.26,90.03,3.78,8.71,300.55,2,1,16,4,6,7,1245,graduated,2020-09-01,2,17,4
71.86,96.82,65.91,75.24,3.03,9.74,344.64,0,1,8,0,13,5,1246,graduated,2021-01-01,1,19,1
45.71,65.73,59.18,55.14,1.96,1.62,81.08,6,3,2,5,14,6,1247,dropped_out,2021-01-01,4,11,4
68.88,75.57,97.47,58.64,2.3,6.95,303.29,5,0,4,2,12,3,1248,active,2021-09-01,2,14,4
83.18,89.39,100.0,74.11,3.3,6.67,299.86,1,0,14,4,9,3,1249,graduated,2020-01-01,5,7,3
86.74,90.73,96.22,89.26,3.33,6.69,422.56,0,0,23,8,5,6,1250,graduated,2023-09-01,3,6,4
50.89,90.77,87.31,65.88,3.24,5.75,212.37,3,0,9,2,2,4,1251,active,2022-09-01,3,20,4
58.77,40.0,74.45,49.93,2.48,3.76,186.16,5,1,10,3,14,6,1252,active,2021-01-01,3,18,3
63.69,80.41,75.51,68.6,3.07,1.0,179.94,3,1,10,6,13,6,1253,active,2021-09-01,3,7,4
92.09,82.74,98.32,83.04,3.59,8.08,446.61,2,1,16,9,9,7,1254,graduated,2022-09-01,3,18,3
73.37,67.68,90.44,97.06,3.65,10.05,271.94,0,0,13,9,0,5,1255,graduated,2022-01-01,5,18,4
89.75,82.14,89.1,73.95,3.66,6.91,383.65,0,0,15,8,7,7,1256,graduated,2023-09-01,2,10,1
90.04,82.04,76.76,97.19,3.21,10.3,265.53,1,0,24,5,8,5,1257,graduated,2022-01-01,3,15,3
39.37,65.53,40.89,30.0,1.35,3.1,82.07,9,3,4,3,6,6,1258,dropped_out,2023-01-01,2,18,3
82.94,90.91,94.53,79.41,3.04,7.49,218.0,0,0,10,4,11,4,1259,graduated,2022-01-01,1,20,2
75.16,96.36,88.54,84.34,2.63,7.62,417.97,0,1,8,5,12,5,1260,graduated,2021-01-01,5,8,2
74.94,91.05,92.9,80.66,2.79,8.01,317.64,2,1,18,4,2,4,1261,graduated,2020-01-01,4,11,4
69.75,93.91,88.28,83.94,2.76,5.0,228.35,2,0,18,1,9,7,1262,graduated,2020-01-01,1,18,2
73.18,74.17,83.57,87.6,3.48,8.82,307.61,0,0,12,2,4,6,1263,graduated,2023-09-01,4,7,3
47.13,59.82,63.42,66.07,1.77,3.15,120.23,9,2,2,4,11,7,1264,dropped_out,2022-09-01,1,3,2
75.16,86.26,84.11,94.78,3.84,9.21,298.7,1,1,22,0,12,4,1265,graduated,2020-01-01,4,6,1
90.43,91.83,91.32,84.15,3.39,8.59,353.49,1,1,24,5,1,6,1266,graduated,2023-09-01,2,10,1
85.75,86.37,85.6,83.78,3.28,6.83,297.21,1,1,24,3,3,5,1267,graduated,2020-09-01,5,20,1
41.43,56.59,53.0,55.8,1.91,1.6,159.84,11,1,0,7,14,7,1268,dropped_out,2022-09-01,4,18,4
77.31,72.26,67.73,67.33,2.81,6.77,186.7,5,1,4,3,1,4,1269,active,2021-09-01,3,7,1
77.11,78.83,90.67,67.85,3.21,9.59,246.92,0,1,20,3,4,4,1270,graduated,2022-01-01,4,9,2
67.6,81.96,90.66,80.5,3.55,7.74,204.91,1,1,12,5,9,5,1271,graduated,2020-09-01,3,19,2
76.71,93.29,87.67,76.6,3.28,6.51,378.99,1,0,19,7,0,4,1272,graduated,2021-09-01,4,17,3
48.62,80.91,46.08,48.92,2.43,8.11,236.09,5,0,14,5,2,6,1273,active,2020-09-01,1,6,2
85.61,82.07,74.37,84.62,2.83,11.63,303.56,1,1,21,5,3,6,1274,graduated,2023-09-01,2,1,3
27.96,40.0,65.37,56.36,1.35,2.9,68.34,10,3,3,2,12,4,1275,dropped_out,2023-01-01,4,9,3
79.71,91.63,100.0,74.82,4.0,10.99,286.27,2,1,24,4,13,6,1276,graduated,2022-01-01,3,12,2
36.16,48.98,63.18,38.7,2.0,2.19,86.46,9,1,1,1,0,6,1277,dropped_out,2020-01-01,4,10,2
45.21,65.88,80.78,80.52,1.6,4.41,165.77,5,1,13,6,4,3,1278,active,2023-09-01,1,10,3
39.45,67.42,66.99,53.79,2.49,3.11,195.49,9,2,4,1,12,5,1279,dropped_out,2021-01-01,2,16,2
79.13,67.96,94.15,82.56,3.29,9.52,500.0,2,1,16,5,14,3,1280,graduated,2023-09-01,4,18,4
33.9,66.49,64.09,49.12,1.48,1.38,181.28,5,1,2,0,10,4,1281,dropped_out,2021-01-01,5,3,4
49.43,53.85,58.9,49.02,1.58,3.25,75.27,9,3,4,2,5,3,1282,dropped_out,2022-01-01,5,4,1
83.06,80.08,74.87,99.03,2.8,6.04,392.51,1,0,13,1,5,7,1283,graduated,2021-01-01,2,11,4
40.65,65.33,43.45,42.04,1.31,3.49,161.54,11,2,2,0,9,4,1284,dropped_out,2020-01-01,5,16,1
78.22,75.29,78.45,60.39,1.77,5.46,200.22,5,1,10,6,13,7,1285,active,2023-01-01,4,5,4
78.68,61.07,86.5,72.51,2.55,10.91,366.64,1,0,9,6,14,4,1286,graduated,2023-01-01,5,15,3
51.98,71.36,41.72,36.15,1.39,1.89,98.84,5,1,3,5,4,7,1287,dropped_out,2020-09-01,3,1,2
63.44,87.16,72.7,83.23,3.17,5.76,439.24,0,1,24,6,3,5,1288,graduated,2020-01-01,4,12,1
69.93,100.0,94.48,87.06,3.11,10.22,348.0,0,1,20,4,6,7,1289,graduated,2020-01-01,4,2,3
90.13,89.82,88.58,64.56,3.12,6.6,324.65,1,0,16,6,14,4,1290,graduated,2023-01-01,2,14,3
42.66,40.92,44.68,31.97,1.59,4.39,142.26,5,1,1,5,9,7,1291,dropped_out,2023-09-01,4,13,1
75.97,86.17,89.13,88.97,3.28,6.13,331.84,1,0,10,7,12,7,1292,graduated,2021-09-01,1,6,4
76.09,78.66,70.11,100.0,3.36,8.13,340.16,1,0,12,9,3,5,1293,graduated,2021-01-01,1,1,3
79.28,85.43,100.0,88.1,3.4,8.23,277.61,2,0,19,2,0,5,1294,graduated,2023-09-01,5,13,2
79.26,90.72,71.6,93.97,3.66,7.83,345.53,0,0,18,1,0,5,1295,graduated,2021-09-01,3,5,3
29.45,42.13,68.89,45.43,2.44,2.33,92.82,8,3,4,1,14,5,1296,dropped_out,2021-01-01,1,14,1
33.69,60.14,36.08,73.44,1.98,2.24,174.82,7,2,1,5,1,4,1297,dropped_out,2021-01-01,1,4,1
72.14,99.54,94.2,79.68,3.42,8.97,305.09,1,1,11,6,5,4,1298,graduated,2023-01-01,2,2,4
47.32,59.43,69.63,63.4,0.82,2.64,60.0,7,3,2,9,10,5,1299,dropped_out,2023-01-01,5,7,1
90.06,79.46,98.46,98.49,2.73,11.19,291.54,2,0,8,1,0,5,1300,graduated,2021-09-01,2,19,3
86.56,74.65,92.58,79.17,3.38,4.76,250.29,0,1,23,8,9,4,1301,graduated,2022-01-01,3,5,2
76.45,78.95,96.39,78.26,3.86,7.53,283.27,2,0,9,8,9,4,1302,graduated,2023-09-01,3,2,2
73.94,69.73,98.55,81.62,3.23,7.68,314.65,0,1,14,5,1,4,1303,graduated,2023-09-01,1,12,4
85.61,76.83,91.79,77.31,3.09,10.19,192.37,0,1,24,7,3,7,1304,graduated,2022-09-01,4,5,3
73.46,73.47,94.86,85.7,2.83,6.06,370.49,0,0,10,3,14,6,1305,graduated,2023-01-01,5,16,2
68.78,57.21,84.13,52.68,3.03,5.57,226.43,3,0,4,4,5,6,1306,active,2021-09-01,2,15,1
63.99,70.79,95.42,71.07,2.95,9.99,244.15,0,0,13,5,3,3,1307,graduated,2023-09-01,5,17,2
67.15,58.07,82.02,63.05,3.85,6.61,60.0,5,0,5,8,4,7,1308,active,2023-01-01,3,7,3
69.72,82.07,99.98,100.0,4.0,6.59,320.54,1,0,18,7,0,5,1309,graduated,2020-09-01,3,3,2
89.76,87.36,93.31,76.8,2.91,9.67,296.23,2,1,18,2,11,5,1310,graduated,2020-09-01,4,20,1
35.83,69.02,75.26,79.42,2.61,3.42,60.0,10,1,4,9,11,4,1311,dropped_out,2020-01-01,5,18,2
42.95,46.84,45.3,39.3,2.15,3.57,133.02,7,3,1,8,1,6,1312,dropped_out,2023-01-01,3,10,1
88.0,81.66,71.79,83.89,2.77,12.32,243.17,2,1,21,1,12,6,1313,graduated,2021-01-01,1,16,2
28.66,63.22,54.31,49.41,1.7,3.72,126.69,10,2,3,3,5,7,1314,dropped_out,2021-09-01,2,18,3
76.58,76.67,77.29,73.79,3.31,8.9,230.75,5,0,13,4,3,7,1315,active,2022-09-01,4,18,3
87.7,98.88,97.32,81.26,2.7,4.56,362.52,2,1,19,1,4,7,1316,graduated,2022-09-01,3,17,4
84.37,87.3,94.27,62.96,2.8,6.37,355.04,1,1,15,3,2,7,1317,graduated,2023-01-01,4,11,2
31.11,60.3,30.0,35.02,2.24,1.0,180.14,5,3,2,6,14,5,1318,dropped_out,2022-09-01,4,2,2
77.5,93.55,88.73,65.67,2.98,10.53,270.94,0,1,13,7,12,5,1319,graduated,2021-01-01,3,18,4
88.79,78.88,81.69,83.18,3.34,5.34,348.27,2,1,20,8,5,6,1320,graduated,2022-01-01,2,11,2
62.43,100.0,59.78,55.27,2.38,7.04,235.69,4,0,14,8,3,5,1321,active,2023-01-01,4,18,3
53.74,74.33,73.89,93.6,2.5,6.1,300.52,4,1,3,9,11,3,1322,active,2022-09-01,4,15,2
65.13,85.31,91.29,88.97,2.92,10.82,322.81,0,1,23,8,12,3,1323,graduated,2022-01-01,2,18,4
33.88,68.71,56.15,64.27,1.97,2.7,139.87,6,3,4,6,1,6,1324,dropped_out,2021-01-01,5,2,1
61.15,70.38,95.55,74.78,3.14,11.18,319.93,2,1,21,3,12,7,1325,graduated,2020-01-01,4,5,2
63.65,74.16,82.33,83.73,3.98,7.45,330.67,2,0,24,8,9,4,1326,graduated,2020-01-01,1,7,4
82.09,86.45,74.33,82.77,2.86,7.49,307.86,2,1,11,0,6,4,1327,graduated,2022-01-01,5,20,4
68.19,90.4,91.59,66.94,2.26,3.96,246.25,4,1,14,2,14,5,1328,active,2023-01-01,1,18,4
44.43,79.73,38.37,45.93,2.05,3.99,210.86,10,2,1,4,14,7,1329,dropped_out,2020-01-01,5,9,3
81.49,64.74,93.46,76.1,3.25,8.06,442.81,0,1,22,1,3,7,1330,graduated,2020-09-01,2,4,1
84.75,83.58,77.16,86.71,3.35,8.95,294.45,2,1,11,0,1,7,1331,graduated,2021-01-01,2,20,3
77.54,90.87,85.57,79.67,3.19,9.62,296.73,2,1,24,8,9,7,1332,graduated,2022-09-01,4,3,3
37.67,64.34,60.13,70.48,1.46,3.42,126.28,6,3,4,2,2,4,1333,dropped_out,2023-09-01,5,8,2
74.18,74.96,86.98,82.19,2.98,2.64,443.18,2,1,10,7,6,7,1334,graduated,2022-01-01,1,3,4
28.63,54.85,51.13,30.0,0.48,3.85,156.47,5,1,1,8,0,6,1335,dropped_out,2023-09-01,5,16,1
78.42,76.52,82.26,70.86,2.69,10.46,193.66,1,0,22,8,7,6,1336,graduated,2020-01-01,1,16,4
52.16,56.48,55.7,51.44,1.83,2.99,68.57,8,2,1,1,1,4,1337,dropped_out,2022-01-01,5,2,2
66.77,100.0,80.82,76.98,2.68,9.51,299.1,1,0,18,6,5,5,1338,graduated,2021-09-01,3,2,1
67.02,94.77,80.99,86.75,3.88,5.0,346.09,0,1,24,4,9,5,1339,graduated,2022-01-01,2,11,1
76.0,76.44,70.32,87.09,3.64,8.81,320.37,2,1,15,4,8,3,1340,graduated,2021-01-01,4,3,3
51.04,54.18,40.91,36.23,1.7,4.57,60.0,7,2,0,4,8,5,1341,dropped_out,2021-01-01,5,13,3
66.82,87.71,97.64,95.76,2.95,5.26,346.02,0,0,15,0,6,6,1342,graduated,2023-01-01,1,17,3
40.51,54.69,36.19,51.52,1.97,5.01,60.0,10,2,4,1,7,5,1343,dropped_out,2020-01-01,4,8,1
63.3,55.51,78.49,69.43,2.15,1.0,335.57,2,0,3,1,8,4,1344,active,2022-09-01,3,1,3
78.4,94.41,91.88,70.29,2.59,10.18,270.36,0,1,23,7,6,4,1345,graduated,2023-09-01,2,12,4
72.84,47.48,51.66,71.07,3.72,4.19,256.0,4,0,6,1,11,6,1346,active,2023-01-01,5,13,1
67.65,94.85,74.88,71.7,3.6,7.88,253.25,0,1,22,2,8,6,1347,graduated,2022-01-01,1,3,3
85.92,95.08,89.42,67.92,3.26,6.83,360.47,0,1,16,4,10,5,1348,graduated,2021-09-01,2,13,3
81.23,69.11,54.56,61.33,3.02,5.39,241.23,3,1,14,6,6,7,1349,active,2022-01-01,1,1,3
76.57,88.17,93.54,87.31,3.49,6.53,302.95,1,0,17,6,5,5,1350,graduated,2023-09-01,3,4,2
90.98,79.5,73.76,67.82,3.72,10.03,289.92,2,1,22,7,8,6,1351,graduated,2020-01-01,4,15,4
72.98,93.41,83.6,83.54,3.36,10.98,402.73,1,0,15,2,7,4,1352,graduated,2020-01-01,1,12,1
78.88,92.92,83.3,86.23,3.05,9.93,286.1,1,0,13,8,6,3,1353,graduated,2022-09-01,1,10,4
68.88,90.75,81.59,94.03,2.78,8.47,312.19,0,1,15,2,3,5,1354,graduated,2023-01-01,5,8,2
84.2,78.92,89.42,92.06,3.71,11.47,235.84,2,0,8,5,6,6,1355,graduated,2023-01-01,2,9,3
82.04,81.15,96.77,96.53,3.77,11.42,209.37,2,0,23,2,3,5,1356,graduated,2022-09-01,2,3,2
37.1,64.73,66.25,61.12,1.31,3.91,134.46,11,2,1,5,13,4,1357,dropped_out,2023-09-01,4,10,4
86.52,96.62,80.67,83.89,2.87,8.22,338.46,0,1,9,1,5,7,1358,graduated,2020-09-01,3,8,4
64.61,79.63,86.97,80.58,2.96,3.68,384.58,1,0,10,4,1,4,1359,graduated,2021-09-01,1,5,3
71.26,88.23,89.62,93.14,3.42,6.82,385.87,0,0,16,4,9,3,1360,graduated,2020-09-01,3,20,4
62.44,86.03,80.44,89.03,2.47,8.72,353.08,2,1,8,1,6,3,1361,graduated,2022-09-01,3,14,2
84.09,77.05,79.48,89.71,2.88,8.76,306.61,0,1,13,1,6,4,1362,graduated,2022-09-01,5,7,4
52.69,93.79,68.28,100.0,2.18,1.08,248.28,4,1,9,5,2,4,1363,active,2022-01-01,4,11,3
73.62,85.33,83.32,79.6,3.6,5.1,348.86,1,0,18,4,9,3,1364,graduated,2023-01-01,3,13,3
85.33,90.32,83.58,74.4,3.6,7.5,273.08,2,0,10,5,10,6,1365,graduated,2023-09-01,1,19,2
82.9,91.36,97.8,93.26,3.25,11.04,261.45,1,0,22,7,5,5,1366,graduated,2021-01-01,4,7,4
47.01,61.63,79.79,71.28,2.89,4.83,175.62,4,0,13,4,4,6,1367,active,2022-01-01,4,16,2
71.65,62.8,85.42,82.87,3.1,8.52,395.53,0,0,9,3,13,5,1368,graduated,2022-01-01,3,5,4
95.0,77.53,92.91,99.61,3.7,8.1,259.36,0,1,22,4,9,5,1369,graduated,2023-01-01,4,20,4
27.88,42.07,50.41,58.05,1.74,2.1,72.64,5,1,0,6,5,7,1370,dropped_out,2023-09-01,5,2,3
33.61,71.97,37.29,64.93,1.61,2.17,131.16,6,3,0,0,12,6,1371,dropped_out,2020-01-01,2,12,2
43.97,94.8,79.46,60.79,1.95,4.89,334.54,2,0,12,2,11,3,1372,active,2020-09-01,3,14,1
72.32,97.85,89.29,59.02,2.84,9.73,187.9,2,1,14,8,6,6,1373,graduated,2020-01-01,3,8,2
59.52,72.73,54.06,61.96,2.95,4.19,224.37,5,1,7,8,1,3,1374,active,2023-09-01,4,15,2
75.89,90.77,83.3,98.19,2.89,7.87,432.53,1,0,17,0,1,4,1375,graduated,2022-01-01,4,4,3
69.22,73.18,82.09,79.6,3.68,10.4,334.58,0,0,12,6,2,4,1376,graduated,2023-01-01,1,5,3
64.64,83.86,94.3,53.0,3.32,8.3,285.45,1,0,17,2,0,6,1377,graduated,2022-09-01,4,7,4
83.54,89.66,81.6,95.93,2.44,7.71,380.1,0,1,23,7,12,3,1378,graduated,2022-09-01,1,15,4
83.68,84.0,83.45,94.92,2.98,12.38,275.48,2,0,21,9,9,3,1379,graduated,2022-01-01,3,2,1
77.07,98.32,80.93,78.54,2.16,8.62,376.97,0,1,23,3,7,4,1380,graduated,2020-09-01,1,6,2
65.11,84.76,87.18,75.67,2.77,5.33,345.03,2,1,10,6,11,4,1381,graduated,2021-01-01,3,18,4
61.23,91.42,81.03,46.52,2.49,4.4,500.0,5,1,10,6,2,6,1382,active,2023-01-01,4,6,2
86.21,89.3,91.43,73.66,3.09,5.94,350.92,0,0,22,2,12,3,1383,graduated,2023-09-01,1,20,2
91.34,85.97,92.06,90.98,3.53,8.77,334.44,2,1,13,6,13,4,1384,graduated,2023-09-01,4,1,2
29.4,56.33,46.54,57.2,3.04,3.75,73.99,6,1,0,3,1,7,1385,dropped_out,2021-09-01,1,19,1
71.33,89.67,86.77,87.53,2.38,5.33,280.22,0,1,15,3,12,4,1386,graduated,2021-09-01,3,7,4
73.61,100.0,81.8,89.51,2.52,7.56,201.47,2,1,14,8,0,4,1387,graduated,2020-09-01,4,17,3
61.38,82.44,100.0,76.32,3.34,6.77,318.13,0,1,14,7,0,5,1388,graduated,2023-09-01,5,4,3
52.51,85.52,86.9,62.38,3.32,5.63,214.24,2,1,12,9,9,3,1389,active,2022-09-01,5,6,3
87.42,83.3,83.83,63.48,2.57,8.38,286.88,1,0,15,4,9,6,1390,graduated,2020-01-01,3,4,2
84.27,90.66,100.0,90.6,3.26,4.85,347.45,1,0,23,0,11,4,1391,graduated,2022-01-01,2,12,2
77.82,79.49,89.64,83.93,3.51,5.27,337.98,0,0,19,1,10,6,1392,graduated,2023-09-01,5,5,4
87.16,84.17,91.15,83.95,2.9,8.86,347.62,2,1,16,4,12,7,1393,graduated,2023-01-01,4,18,2
42.9,51.39,44.01,38.29,1.23,2.42,168.47,11,3,4,5,0,6,1394,dropped_out,2021-09-01,3,5,2
73.39,89.51,77.41,80.95,3.16,8.01,249.6,2,0,15,6,10,7,1395,graduated,2022-09-01,5,2,3
73.31,92.95,67.55,75.72,3.26,11.2,409.86,2,0,21,9,5,6,1396,graduated,2020-09-01,2,7,4
21.62,56.25,83.46,54.03,3.0,6.5,178.88,2,0,8,2,9,6,1397,active,2023-09-01,4,14,4
36.94,56.27,37.7,56.42,1.54,3.95,173.14,9,2,0,6,1,3,1398,dropped_out,2023-01-01,1,19,1
91.32,82.62,100.0,79.91,3.05,7.42,345.53,0,1,17,0,6,4,1399,graduated,2021-09-01,1,9,2
79.78,93.45,96.84,79.18,2.96,8.09,295.99,2,0,22,7,2,5,1400,graduated,2022-01-01,4,19,4
78.79,92.13,88.03,85.12,3.45,11.78,342.88,1,1,11,2,5,3,1401,graduated,2020-01-01,3,18,3
31.87,59.65,30.0,42.25,2.46,2.25,132.75,11,2,3,4,4,3,1402,dropped_out,2020-09-01,5,7,4
66.26,92.19,73.53,59.18,2.03,4.49,208.56,5,0,14,6,8,6,1403,active,2020-01-01,3,2,4
76.43,79.63,72.16,95.38,3.0,8.36,281.4,1,1,15,0,11,3,1404,graduated,2022-09-01,1,15,1
30.29,51.54,47.98,41.26,1.56,2.86,213.96,10,3,2,3,1,3,1405,dropped_out,2021-01-01,5,12,4
80.02,77.86,99.14,88.79,3.33,10.29,321.27,2,1,23,7,13,6,1406,graduated,2021-01-01,2,7,1
77.85,71.07,85.03,66.28,2.54,9.71,279.45,0,0,10,9,4,5,1407,graduated,2022-09-01,5,18,2
72.41,40.0,62.15,67.6,1.92,5.36,196.96,4,1,3,6,8,3,1408,active,2022-09-01,3,19,3
71.45,83.84,77.53,72.2,3.03,10.55,287.18,2,0,13,1,14,6,1409,active,2020-01-01,4,2,3
53.11,85.31,81.71,73.98,2.42,4.71,216.14,2,1,4,0,13,5,1410,active,2021-01-01,2,5,3
72.83,81.83,78.95,97.1,2.86,4.68,314.91,0,0,20,3,0,7,1411,graduated,2021-09-01,4,5,3
78.2,72.66,89.31,92.57,4.0,9.49,316.55,2,1,9,6,3,4,1412,graduated,2023-09-01,4,3,1
79.59,81.86,83.13,72.29,3.86,9.72,335.45,1,0,21,3,6,6,1413,graduated,2023-09-01,3,15,4
83.77,82.38,85.3,86.13,3.06,7.35,298.85,0,1,19,9,4,6,1414,graduated,2022-01-01,1,15,3
73.18,80.21,80.27,66.88,3.17,9.23,445.59,1,0,11,6,13,3,1415,graduated,2020-09-01,2,14,2
84.08,97.23,90.1,87.09,2.96,8.79,280.53,1,0,21,5,1,7,1416,graduated,2023-09-01,3,10,3
74.56,73.13,86.33,83.26,3.68,5.45,256.69,2,1,24,3,5,5,1417,graduated,2021-09-01,3,2,1
91.2,79.25,83.32,75.7,2.7,9.09,315.97,2,0,15,5,2,6,1418,graduated,2020-09-01,1,4,2
43.86,51.43,53.29,32.88,1.25,3.0,145.85,6,1,4,3,1,6,1419,dropped_out,2023-09-01,1,14,2
68.36,72.03,58.53,87.1,2.5,6.65,263.89,5,1,12,0,8,7,1420,active,2021-09-01,2,9,1
95.0,99.33,89.18,99.47,3.27,5.94,292.93,2,0,20,6,12,4,1421,graduated,2022-09-01,1,12,2
74.4,86.23,100.0,91.26,2.43,7.68,209.99,1,0,13,1,5,6,1422,graduated,2020-09-01,3,8,4
66.02,87.46,81.4,100.0,3.31,10.89,284.2,2,0,14,1,5,7,1423,graduated,2020-01-01,1,7,4
64.96,91.74,59.36,100.0,2.06,5.3,224.15,3,0,11,4,6,6,1424,active,2020-01-01,5,8,4
66.28,86.26,89.41,77.96,2.93,8.9,283.55,0,0,13,4,6,6,1425,graduated,2020-01-01,3,4,4
86.98,87.96,83.01,72.99,3.34,6.69,376.82,0,1,18,0,5,4,1426,graduated,2021-09-01,1,8,4
70.29,71.08,79.58,92.76,3.5,9.22,497.79,2,0,18,5,3,5,1427,graduated,2020-01-01,1,11,3
76.68,84.06,89.13,75.06,2.93,9.04,334.64,1,1,24,5,0,5,1428,graduated,2022-01-01,4,5,2
42.05,42.13,69.97,83.81,3.27,9.16,160.7,5,0,13,0,4,5,1429,active,2020-01-01,5,6,4
63.75,67.16,89.81,85.11,2.98,7.39,361.75,2,1,13,4,7,5,1430,graduated,2022-01-01,2,14,4
65.37,83.14,88.51,95.03,3.25,12.11,417.49,0,1,16,9,9,7,1431,graduated,2021-01-01,1,5,1
83.13,88.16,84.83,72.12,2.7,8.24,353.95,0,1,21,4,0,3,1432,graduated,2023-09-01,4,11,2
78.51,93.76,74.33,87.2,3.5,11.3,413.44,0,1,14,9,3,3,1433,graduated,2021-09-01,1,8,3
84.8,88.34,88.86,89.07,3.35,9.15,397.03,1,0,9,5,4,6,1434,graduated,2020-09-01,2,17,2
85.83,81.31,94.05,84.86,2.64,10.61,248.33,1,0,18,7,5,6,1435,graduated,2023-09-01,1,8,4
77.82,79.93,93.32,92.25,2.89,9.4,303.07,2,0,11,4,2,7,1436,graduated,2023-01-01,2,16,1
58.1,60.62,54.71,75.69,1.65,7.03,222.87,3,0,7,1,8,6,1437,active,2020-09-01,3,5,4
53.29,64.75,56.11,64.52,1.11,1.73,117.77,10,2,1,2,0,7,1438,dropped_out,2023-09-01,5,6,4
63.29,75.85,92.33,86.15,3.74,5.98,438.37,2,0,14,5,9,7,1439,graduated,2020-01-01,5,3,1
81.38,62.81,86.18,71.09,2.76,6.4,288.46,1,1,9,2,8,5,1440,graduated,2022-01-01,1,2,4
84.35,87.28,90.56,83.62,2.96,2.63,266.87,1,0,24,4,12,4,1441,graduated,2022-09-01,4,13,1
30.91,68.51,53.47,65.09,1.68,2.73,148.83,10,1,4,3,1,4,1442,dropped_out,2021-09-01,1,10,1
70.27,87.23,85.56,65.92,3.48,6.07,417.74,1,0,17,1,9,6,1443,graduated,2021-01-01,5,11,4
32.51,51.57,57.67,43.05,1.84,2.51,154.35,8,1,3,2,9,3,1444,dropped_out,2020-09-01,4,8,1
60.51,68.85,71.39,71.95,1.72,1.47,388.88,4,1,5,6,6,3,1445,active,2021-01-01,4,4,4
88.1,92.01,82.53,83.67,3.51,8.16,203.94,1,1,9,4,13,5,1446,graduated,2020-09-01,2,4,1
78.31,84.94,89.26,95.1,3.09,11.08,345.31,1,1,24,3,1,5,1447,graduated,2021-01-01,2,16,3
68.69,99.65,82.13,91.4,2.93,6.75,388.91,1,0,18,7,2,5,1448,graduated,2022-01-01,3,5,3
83.64,75.84,70.36,68.41,3.29,1.0,238.67,2,0,5,4,2,3,1449,active,2020-01-01,3,14,3
43.37,54.27,38.73,30.0,2.01,3.14,67.36,9,1,4,0,10,3,1450,dropped_out,2020-09-01,5,3,4
73.69,73.42,87.53,83.78,2.61,11.13,319.57,0,0,13,1,0,4,1451,graduated,2023-09-01,1,16,2
91.99,81.87,86.13,79.51,4.0,8.18,237.54,0,1,13,9,6,6,1452,graduated,2022-01-01,3,4,1
83.01,90.63,100.0,73.98,3.07,6.62,334.77,0,1,16,3,1,3,1453,graduated,2021-01-01,1,1,2
79.58,88.21,92.47,86.8,2.15,6.03,377.45,0,0,18,8,13,6,1454,graduated,2020-09-01,3,13,2
69.56,90.54,96.85,76.24,3.54,9.0,306.12,0,1,23,7,2,6,1455,graduated,2021-01-01,5,14,2
81.18,93.13,86.37,79.27,3.46,9.12,283.54,2,1,10,9,13,3,1456,graduated,2022-01-01,4,11,3
86.51,91.31,90.1,70.62,2.82,9.15,323.83,0,0,15,9,3,5,1457,graduated,2020-09-01,1,17,1
41.92,65.48,61.8,87.83,1.52,2.04,150.77,7,1,4,2,11,6,1458,dropped_out,2021-01-01,5,2,4
87.47,85.3,85.81,100.0,3.28,9.54,198.02,2,0,13,3,1,3,1459,graduated,2020-09-01,3,10,3
90.74,85.15,78.49,71.16,3.18,6.41,348.4,0,0,10,4,1,7,1460,graduated,2020-09-01,1,12,2
80.86,89.93,89.39,93.1,3.47,6.83,323.8,1,1,19,9,6,3,1461,graduated,2022-09-01,5,8,4
73.77,69.45,80.88,60.02,2.2,6.63,175.04,4,1,7,5,8,4,1462,active,2022-09-01,2,18,2
83.78,87.09,96.19,73.59,3.12,6.44,349.81,2,0,21,0,0,3,1463,graduated,2021-01-01,4,1,2
37.09,46.19,38.5,68.25,1.13,4.98,154.4,9,3,0,6,7,4,1464,dropped_out,2022-01-01,3,1,4
73.49,90.44,89.1,90.01,3.36,8.93,332.3,1,1,11,9,9,7,1465,graduated,2022-01-01,2,17,2
39.76,56.89,52.59,45.06,1.17,3.16,79.4,7,2,2,0,4,4,1466,dropped_out,2023-09-01,1,5,3
76.14,75.36,80.56,72.76,3.2,5.79,377.18,0,1,13,2,3,3,1467,graduated,2020-01-01,2,17,4
78.92,85.46,89.26,86.59,3.52,11.15,310.66,1,1,17,0,13,6,1468,graduated,2022-09-01,1,19,1
58.21,85.2,72.02,89.23,1.58,6.83,320.53,5,1,6,5,9,5,1469,active,2021-09-01,1,19,1
76.26,83.67,96.79,84.17,3.05,9.07,380.66,1,0,18,4,4,7,1470,graduated,2023-01-01,2,10,3
50.79,62.9,76.14,77.96,3.01,5.65,333.31,4,1,10,1,10,7,1471,active,2022-09-01,3,11,4
80.57,81.17,92.15,88.5,2.81,9.59,272.39,2,0,22,2,5,7,1472,graduated,2022-01-01,1,7,2
71.71,81.19,81.39,65.15,2.93,5.8,315.45,0,0,10,4,4,4,1473,graduated,2020-01-01,1,6,4
74.97,70.05,81.34,77.34,2.64,4.81,367.14,2,0,21,0,13,5,1474,graduated,2023-09-01,4,4,3
95.0,83.22,85.0,74.31,3.22,10.44,371.99,1,1,21,1,11,4,1475,graduated,2021-09-01,3,15,3
70.02,85.13,70.51,60.91,2.29,12.73,306.17,3,0,10,6,13,6,1476,active,2020-01-01,2,10,1
47.83,60.49,30.0,52.36,1.71,2.5,60.0,6,3,3,7,2,7,1477,dropped_out,2021-09-01,2,3,2
72.66,79.56,88.02,91.56,3.91,6.11,301.59,0,1,22,7,9,6,1478,graduated,2022-09-01,5,2,3
79.11,100.0,95.16,79.25,3.59,9.44,297.96,1,1,10,4,8,4,1479,graduated,2022-01-01,1,13,4
38.03,72.3,66.79,85.08,1.1,3.09,111.77,6,1,4,5,11,3,1480,dropped_out,2021-01-01,4,4,2
82.99,69.21,81.52,84.54,2.74,9.13,303.19,2,1,10,4,0,3,1481,active,2020-01-01,1,8,2
76.0,80.79,79.38,82.48,3.61,10.92,381.89,1,1,21,5,7,7,1482,graduated,2021-09-01,3,3,3
76.61,73.22,77.01,59.8,3.75,8.73,343.38,1,1,16,0,11,3,1483,graduated,2020-01-01,1,7,4
82.52,98.09,86.23,75.31,3.23,8.89,463.53,0,1,17,8,0,3,1484,graduated,2021-01-01,3,4,1
36.2,51.23,30.0,52.83,1.96,4.28,60.0,11,1,3,7,2,7,1485,dropped_out,2023-01-01,2,19,4
86.99,96.42,91.93,76.45,3.38,8.02,381.78,0,1,14,9,13,4,1486,graduated,2023-09-01,1,13,4
78.17,68.16,100.0,74.65,3.26,9.3,316.53,0,1,20,1,11,6,1487,graduated,2021-09-01,2,6,3
69.74,81.48,98.3,100.0,3.21,6.03,395.26,1,0,20,4,9,5,1488,graduated,2022-09-01,2,2,2
39.7,70.43,71.35,52.07,1.95,3.02,130.22,11,1,1,5,13,3,1489,dropped_out,2022-09-01,4,18,4
84.49,96.03,86.59,86.29,2.75,10.81,332.2,2,1,23,0,2,7,1490,graduated,2020-01-01,3,13,2
84.65,93.33,81.26,79.88,2.95,7.28,304.65,2,1,23,8,6,4,1491,graduated,2023-01-01,5,8,1
72.77,91.74,95.47,68.61,2.5,9.09,289.62,0,1,18,9,7,3,1492,graduated,2023-09-01,4,18,4
77.76,97.35,88.68,84.21,3.9,12.61,215.99,2,1,21,6,4,4,1493,graduated,2022-09-01,4,9,2
24.32,54.43,48.45,38.08,1.86,5.03,119.16,10,1,3,1,0,6,1494,dropped_out,2020-09-01,5,8,1
84.09,90.64,90.81,86.55,3.19,9.82,367.48,2,0,24,3,14,4,1495,graduated,2022-01-01,4,17,3
89.24,83.07,100.0,84.47,3.46,9.81,401.95,1,1,22,5,7,4,1496,graduated,2021-01-01,1,8,2
70.04,95.05,87.77,78.4,3.0,6.96,330.24,2,0,24,3,4,7,1497,graduated,2022-01-01,2,19,4
36.34,69.15,55.96,32.85,1.22,2.6,137.53,11,2,3,8,12,5,1498,dropped_out,2022-01-01,2,8,3
45.59,56.63,56.65,73.49,2.06,2.93,121.62,10,1,1,6,14,3,1499,dropped_out,2022-01-01,3,19,2
34.44,54.42,62.59,65.62,1.49,2.08,162.32,9,1,4,9,6,3,1500,dropped_out,2021-09-01,5,10,2
66.85,86.97,57.35,76.3,2.54,8.47,142.23,2,0,7,6,8,3,1501,active,2023-01-01,1,2,2
86.5,94.7,94.39,71.71,2.86,6.87,387.04,0,1,16,0,6,7,1502,graduated,2021-01-01,5,16,1
51.87,84.43,69.64,56.25,3.61,9.67,373.9,5,1,8,3,4,7,1503,active,2022-01-01,2,11,2
45.75,93.91,79.89,67.57,3.57,2.86,225.5,2,0,10,7,2,3,1504,active,2022-01-01,1,5,2
73.39,90.17,90.03,74.51,3.2,10.66,204.47,0,0,12,9,12,5,1505,graduated,2020-09-01,1,12,4
69.39,81.16,95.27,80.79,3.81,3.65,297.29,2,1,18,8,8,4,1506,graduated,2020-09-01,3,11,2
78.61,85.87,75.92,82.16,3.06,5.01,178.06,3,0,8,1,5,3,1507,active,2021-09-01,4,11,2
73.89,75.41,100.0,95.21,3.21,8.05,264.27,1,0,11,9,11,5,1508,graduated,2022-01-01,5,6,4
79.36,95.03,81.64,82.87,3.72,8.0,365.36,0,1,16,6,12,3,1509,graduated,2022-09-01,2,6,1
51.55,51.14,61.16,65.48,1.11,1.94,130.72,7,3,0,1,1,4,1510,dropped_out,2023-01-01,2,20,3
30.41,40.0,38.42,53.08,2.74,1.0,72.47,10,2,4,0,1,3,1511,dropped_out,2021-01-01,4,5,3
58.35,93.31,65.33,83.12,3.19,9.24,202.64,3,0,13,7,11,7,1512,active,2020-01-01,3,11,2
80.74,89.15,100.0,98.34,3.43,7.77,490.45,1,0,17,2,3,4,1513,graduated,2020-09-01,4,1,3
72.87,90.27,96.22,93.21,3.44,11.74,344.95,2,0,9,0,13,6,1514,graduated,2021-01-01,1,12,3
33.81,55.19,38.16,39.72,1.98,2.93,84.07,8,1,3,8,8,4,1515,dropped_out,2020-01-01,1,13,4
80.27,87.06,81.43,79.28,3.13,5.5,299.2,0,1,24,9,5,7,1516,graduated,2023-01-01,4,16,4
47.87,71.3,56.88,49.36,1.72,2.49,118.8,8,1,3,8,12,4,1517,dropped_out,2022-09-01,1,16,2
62.82,89.57,81.13,78.28,2.27,7.44,335.78,4,0,11,2,8,7,1518,active,2021-09-01,1,2,3
80.74,88.8,74.02,93.93,2.98,7.99,335.37,2,0,24,0,2,6,1519,graduated,2020-09-01,3,4,1
73.9,78.59,85.22,90.0,3.51,6.39,345.67,2,1,14,1,0,7,1520,graduated,2022-01-01,4,6,1
39.51,45.02,75.51,87.43,2.97,6.94,253.41,2,1,8,3,0,7,1521,active,2020-09-01,5,20,4
75.21,69.33,82.97,80.1,3.08,7.12,322.51,2,1,24,8,9,7,1522,graduated,2020-09-01,2,20,4
66.02,74.77,90.07,82.13,3.62,9.64,279.19,1,1,10,8,5,6,1523,graduated,2021-01-01,1,11,2
71.69,75.29,67.13,82.63,2.92,7.65,154.15,2,1,7,1,2,5,1524,active,2021-09-01,5,18,3
78.19,75.27,95.86,90.63,3.89,11.72,377.9,1,0,21,2,14,4,1525,graduated,2022-09-01,2,4,1
38.62,40.36,67.77,38.74,1.65,1.0,72.73,7,1,4,8,7,5,1526,dropped_out,2023-09-01,2,2,3
68.46,65.56,77.95,46.39,2.64,3.97,171.38,3,1,11,2,8,7,1527,active,2020-09-01,1,10,4
71.09,94.83,78.33,93.59,2.81,5.83,314.56,1,1,22,5,11,7,1528,graduated,2021-01-01,1,7,2
38.93,59.38,69.75,50.71,1.87,4.63,170.38,10,2,0,5,14,4,1529,dropped_out,2022-01-01,4,4,3
39.49,57.62,34.19,62.32,3.18,3.34,136.82,11,3,2,8,13,7,1530,dropped_out,2023-09-01,4,9,1
33.1,62.08,62.2,82.24,2.48,1.85,134.6,10,3,3,4,3,6,1531,dropped_out,2023-01-01,3,13,3
79.08,93.27,78.67,83.63,3.82,10.46,262.09,1,1,24,9,11,7,1532,graduated,2021-09-01,1,9,4
95.0,95.99,82.99,82.12,3.52,5.19,310.29,2,1,8,0,7,7,1533,graduated,2023-09-01,2,9,1
54.99,86.32,89.99,72.52,2.55,3.26,383.52,2,0,8,0,13,5,1534,active,2021-01-01,1,12,4
59.22,98.92,82.31,74.44,2.82,8.09,328.24,1,1,19,8,3,3,1535,graduated,2021-01-01,4,17,4
78.83,100.0,80.95,91.92,3.73,7.87,199.02,0,0,22,0,5,5,1536,graduated,2023-01-01,4,10,1
35.07,77.99,65.31,53.66,1.67,3.17,103.19,7,3,0,4,6,5,1537,dropped_out,2023-01-01,5,19,2
68.08,72.98,82.03,82.19,2.94,10.01,283.13,2,1,23,8,12,6,1538,graduated,2020-09-01,2,6,2
66.88,91.0,81.2,98.13,3.52,7.65,272.6,2,0,19,3,0,6,1539,graduated,2021-01-01,1,14,1
84.07,74.28,96.85,84.3,3.14,9.7,227.13,2,1,24,0,0,3,1540,graduated,2023-01-01,2,20,3
57.27,93.85,72.0,43.91,2.41,1.28,217.67,5,0,4,0,9,4,1541,active,2022-01-01,1,13,4
35.36,59.73,48.97,31.11,0.94,1.72,203.9,11,3,1,2,6,3,1542,dropped_out,2022-09-01,5,15,1
73.16,83.6,88.2,78.36,2.97,5.48,209.21,2,1,20,7,10,5,1543,graduated,2023-01-01,4,5,2
64.89,78.03,70.56,76.77,3.55,5.81,225.07,2,1,9,0,5,6,1544,active,2020-01-01,5,4,3
85.92,73.45,93.5,75.82,3.39,7.85,417.19,2,0,18,4,3,7,1545,graduated,2022-09-01,3,13,4
67.76,68.78,87.85,62.34,2.69,6.24,156.14,5,0,8,0,8,4,1546,active,2023-01-01,2,9,4
20.0,59.15,57.09,33.25,2.8,2.04,117.99,6,3,0,8,14,3,1547,dropped_out,2021-09-01,1,13,3
70.27,67.95,78.07,100.0,2.53,8.38,306.1,3,1,6,2,0,6,1548,active,2021-01-01,4,9,3
69.94,91.29,83.52,64.57,2.07,11.22,365.63,1,1,16,4,7,5,1549,graduated,2020-09-01,3,10,3
64.55,82.64,87.15,81.45,2.55,7.95,372.39,2,1,21,7,1,6,1550,graduated,2023-01-01,2,5,3
70.62,71.87,80.35,62.25,3.14,4.53,165.74,1,0,24,5,9,5,1551,graduated,2023-09-01,3,14,1
80.4,81.4,93.72,64.92,3.44,7.85,351.98,0,0,22,9,6,4,1552,graduated,2021-09-01,2,14,4
75.99,84.32,72.98,80.86,3.82,7.77,358.07,1,0,23,7,5,3,1553,graduated,2022-01-01,5,6,1
87.43,100.0,90.28,80.95,3.26,7.41,297.41,0,1,23,0,12,6,1554,graduated,2022-09-01,2,17,1
82.9,89.85,85.31,87.07,2.81,7.78,267.93,0,0,9,7,13,6,1555,graduated,2021-01-01,2,2,2
63.57,87.14,89.03,79.82,3.06,8.23,328.62,0,0,18,9,10,3,1556,graduated,2020-09-01,1,12,2
81.07,81.53,100.0,69.85,2.89,7.29,293.12,1,1,22,9,4,4,1557,graduated,2022-09-01,4,17,4
38.81,63.33,54.33,60.69,1.61,2.12,148.64,8,1,0,9,12,5,1558,dropped_out,2020-01-01,2,12,4
89.3,85.6,96.28,88.81,3.31,9.01,201.58,1,0,8,8,0,4,1559,graduated,2023-01-01,4,19,3
59.84,83.33,80.78,76.81,3.34,5.19,289.26,0,0,11,0,1,7,1560,graduated,2022-01-01,3,3,3
77.8,75.44,82.75,65.22,2.01,2.49,248.58,2,1,10,8,5,6,1561,active,2020-09-01,1,6,2
65.54,100.0,84.87,85.08,3.27,7.35,283.0,1,0,16,2,4,7,1562,graduated,2021-01-01,2,9,4
67.58,75.14,82.52,87.91,3.38,12.7,311.72,1,0,24,2,8,7,1563,graduated,2020-01-01,4,5,2
80.38,86.12,85.72,85.79,3.16,14.7,304.51,1,0,8,3,10,7,1564,graduated,2020-01-01,3,20,3
43.56,66.23,45.15,52.54,1.86,2.38,81.1,7,2,1,7,10,4,1565,dropped_out,2022-09-01,4,12,4
69.61,77.86,84.58,97.32,2.78,10.14,253.04,2,0,9,1,1,5,1566,graduated,2022-01-01,4,10,4
38.08,65.65,51.27,55.18,1.79,2.43,103.94,10,2,3,4,10,5,1567,dropped_out,2020-01-01,5,12,3
69.04,93.55,79.8,70.22,3.35,9.44,122.22,2,1,24,6,9,6,1568,graduated,2022-01-01,4,3,3
66.8,43.8,50.78,58.23,1.77,3.81,60.0,9,1,3,9,7,7,1569,dropped_out,2022-09-01,3,9,3
82.25,76.34,89.43,85.38,2.74,11.94,331.98,1,0,8,2,4,4,1570,graduated,2021-01-01,5,8,1
43.17,58.41,57.61,38.56,1.43,1.57,133.4,8,1,1,0,5,5,1571,dropped_out,2023-09-01,2,1,4
81.76,89.93,90.8,81.68,3.06,8.74,314.38,1,0,22,6,11,5,1572,graduated,2022-09-01,4,13,4
94.3,73.87,84.14,79.71,3.14,5.12,362.79,1,1,23,0,12,3,1573,graduated,2020-01-01,3,8,4
40.71,63.41,42.07,77.43,2.31,1.24,76.96,11,1,3,9,7,4,1574,dropped_out,2022-09-01,2,18,2
43.63,57.81,55.24,64.6,1.6,2.71,81.13,6,1,4,7,2,7,1575,dropped_out,2022-01-01,4,5,3
77.05,85.75,74.78,93.12,2.78,10.68,332.57,0,0,15,3,3,4,1576,graduated,2021-09-01,1,8,3
65.16,65.36,85.26,84.87,1.92,8.08,252.71,5,1,7,6,7,4,1577,active,2021-09-01,4,11,3
87.45,88.23,80.27,73.61,2.88,8.71,181.16,2,1,10,1,0,4,1578,graduated,2022-09-01,4,4,4
84.83,100.0,85.62,63.94,2.39,5.49,216.63,4,0,7,6,3,4,1579,active,2020-01-01,4,7,1
73.77,91.74,90.6,66.25,3.38,11.56,289.7,0,1,11,3,2,5,1580,graduated,2023-09-01,4,2,2
76.02,85.18,100.0,70.43,3.24,10.81,369.8,2,0,11,5,9,5,1581,graduated,2021-01-01,3,14,4
66.42,95.07,81.58,77.55,2.58,10.5,291.46,0,1,21,0,9,6,1582,graduated,2021-09-01,2,3,4
68.83,99.8,84.35,94.35,2.74,7.22,160.12,2,0,11,0,11,3,1583,active,2022-01-01,3,2,1
67.52,80.58,91.12,83.11,3.67,9.82,315.03,0,0,15,2,9,3,1584,graduated,2023-09-01,2,6,2
39.11,51.02,67.95,48.2,2.05,1.93,142.42,9,1,0,6,13,5,1585,dropped_out,2023-01-01,2,20,4
83.12,82.3,87.22,81.41,3.69,8.72,297.56,0,0,15,7,4,6,1586,graduated,2023-09-01,4,16,4
81.57,88.83,81.11,91.64,4.0,8.89,311.16,1,0,14,3,12,3,1587,graduated,2020-01-01,5,7,3
80.12,76.07,77.44,80.57,1.97,5.66,206.26,2,0,8,3,0,3,1588,active,2020-09-01,5,7,1
88.3,93.43,93.6,87.17,3.72,9.08,288.76,0,0,16,6,6,7,1589,graduated,2020-01-01,2,12,3
69.59,75.78,87.28,75.5,3.21,10.02,350.8,0,0,22,7,10,4,1590,graduated,2021-01-01,4,17,3
82.23,100.0,92.78,100.0,3.22,9.94,298.08,0,1,14,1,10,5,1591,graduated,2021-01-01,1,10,3
69.0,76.25,85.27,99.07,3.41,9.83,328.48,0,0,11,0,3,7,1592,graduated,2023-09-01,4,5,3
31.83,46.63,71.04,54.01,2.57,2.82,168.85,9,1,3,5,9,7,1593,dropped_out,2023-09-01,2,6,4
81.53,78.58,90.99,83.63,2.82,8.25,283.85,0,1,9,7,5,5,1594,graduated,2020-01-01,2,5,2
30.39,56.71,76.95,58.76,1.55,2.98,115.49,6,3,4,4,9,5,1595,dropped_out,2020-01-01,1,12,1
73.51,99.2,82.22,55.88,2.04,6.69,213.57,4,1,6,1,9,3,1596,active,2023-09-01,5,20,1
61.28,83.76,79.52,82.9,4.0,10.12,334.66,1,1,23,7,12,5,1597,graduated,2020-01-01,1,2,1
85.6,95.17,76.47,100.0,3.53,6.85,304.82,2,0,8,4,9,5,1598,graduated,2023-09-01,4,4,3
38.28,60.28,55.26,49.81,0.38,3.66,60.0,10,1,4,4,0,5,1599,dropped_out,2023-01-01,2,1,3
42.84,78.86,100.0,59.24,2.07,4.07,170.34,5,0,7,1,11,5,1600,active,2023-01-01,5,9,2
75.24,73.14,84.99,90.9,2.53,8.72,203.64,0,1,14,6,9,7,1601,graduated,2023-01-01,5,20,1
35.92,46.99,37.27,83.18,0.96,2.7,110.63,10,2,2,4,5,3,1602,dropped_out,2022-01-01,1,16,2
70.44,40.0,62.98,58.0,3.07,3.75,271.33,2,1,5,5,1,7,1603,active,2021-09-01,5,7,3
85.85,90.36,87.68,79.01,2.44,4.91,225.0,0,1,23,9,12,6,1604,graduated,2023-09-01,2,2,4
35.13,43.11,39.2,59.42,1.66,1.22,174.86,11,1,2,0,1,7,1605,dropped_out,2021-09-01,3,8,1
28.7,75.82,50.21,44.85,1.86,2.44,93.61,5,3,4,0,8,5,1606,dropped_out,2020-01-01,1,19,4
67.56,82.88,98.96,100.0,3.68,8.44,314.77,2,0,10,9,0,5,1607,graduated,2021-01-01,5,3,1
83.6,91.09,83.14,94.03,3.19,6.27,258.59,2,0,22,0,6,3,1608,graduated,2022-01-01,4,10,3
45.0,73.67,61.65,56.39,1.14,1.0,88.08,11,3,3,6,2,3,1609,dropped_out,2023-01-01,1,6,1
83.27,81.43,90.97,65.06,3.4,9.29,295.73,0,0,13,0,6,5,1610,graduated,2022-09-01,3,14,1
46.05,86.38,58.62,31.82,1.61,1.0,175.59,5,1,0,0,0,6,1611,dropped_out,2020-01-01,1,5,2
83.02,93.89,79.8,89.97,3.01,8.96,289.88,1,0,11,7,3,6,1612,graduated,2022-09-01,4,20,3
53.38,84.66,77.31,43.51,2.48,5.69,154.86,2,1,8,4,12,5,1613,active,2020-09-01,3,6,1
49.4,85.48,96.73,76.77,2.41,5.4,357.34,3,1,8,4,11,5,1614,active,2023-09-01,4,9,4
85.9,79.22,85.21,81.04,2.85,7.14,372.85,0,1,17,0,9,3,1615,graduated,2023-09-01,2,4,2
72.81,83.87,84.73,93.01,3.26,10.33,347.73,2,1,9,5,14,4,1616,graduated,2020-01-01,1,14,4
83.73,77.97,93.34,100.0,2.89,6.1,250.73,2,1,9,4,3,7,1617,graduated,2023-01-01,5,13,3
82.92,89.23,89.21,86.14,2.96,10.98,289.11,0,0,22,5,9,5,1618,graduated,2020-01-01,4,16,1
82.19,81.54,100.0,88.24,3.32,7.35,378.4,0,0,13,7,3,7,1619,graduated,2023-09-01,1,3,3
95.0,59.43,54.69,44.01,3.04,1.0,221.18,2,1,4,0,9,4,1620,active,2022-01-01,5,19,2
93.21,92.26,92.05,93.83,3.45,5.65,211.51,0,0,24,8,1,6,1621,graduated,2022-01-01,4,8,4
36.99,69.55,30.0,32.5,2.25,2.07,142.14,10,2,4,5,9,5,1622,dropped_out,2022-09-01,2,18,1
73.09,89.72,85.95,77.27,3.8,7.4,301.47,1,1,19,8,7,5,1623,graduated,2020-01-01,5,16,4
41.52,72.68,54.71,37.44,1.09,3.34,150.2,10,2,2,1,6,3,1624,dropped_out,2021-01-01,4,11,2
91.82,79.65,83.8,84.97,2.47,9.02,267.26,0,1,20,9,8,7,1625,graduated,2022-09-01,1,17,2
38.18,54.87,76.11,66.09,2.77,3.96,115.03,10,1,4,5,10,4,1626,dropped_out,2023-09-01,2,3,4
25.7,57.75,66.98,58.56,1.57,2.4,191.41,10,3,2,7,10,3,1627,dropped_out,2023-09-01,1,16,4
84.12,75.81,88.7,89.35,3.17,9.13,283.79,2,1,9,8,14,3,1628,graduated,2022-01-01,4,1,1
92.51,66.39,85.13,100.0,3.0,8.2,282.27,2,0,11,1,9,5,1629,graduated,2023-09-01,1,18,1
79.35,54.06,60.39,36.21,2.13,4.9,192.37,2,0,14,5,0,4,1630,active,2020-09-01,5,18,2
70.04,58.52,65.71,84.94,1.7,3.49,145.44,5,1,13,5,10,5,1631,active,2023-09-01,3,2,2
86.14,67.69,84.48,74.32,2.55,8.66,232.66,5,1,6,9,2,4,1632,active,2023-09-01,5,20,4
41.96,55.01,46.96,52.96,1.3,2.02,134.92,11,2,2,5,3,7,1633,dropped_out,2022-09-01,1,4,2
61.91,87.45,86.86,93.85,2.81,9.23,306.82,1,1,9,5,14,7,1634,graduated,2020-09-01,3,10,3
67.84,96.17,78.67,87.78,3.16,7.57,356.15,1,1,11,0,9,3,1635,graduated,2020-01-01,2,16,2
38.39,62.09,61.82,51.66,1.45,3.81,60.0,11,2,4,9,12,3,1636,dropped_out,2023-01-01,3,20,2
88.85,76.9,91.59,88.05,2.73,9.3,370.53,2,0,19,9,9,7,1637,graduated,2021-01-01,4,7,4
37.01,69.31,72.22,75.11,1.64,2.55,83.81,8,2,1,1,8,7,1638,dropped_out,2021-09-01,1,14,1
83.83,64.71,87.3,54.65,2.03,7.74,198.67,4,0,5,6,9,5,1639,active,2020-09-01,4,19,2
65.57,97.53,93.92,85.97,3.04,9.73,345.51,2,1,15,8,13,7,1640,graduated,2023-01-01,5,2,4
53.79,73.38,91.68,90.19,3.01,9.51,215.77,3,0,6,7,7,5,1641,active,2023-01-01,5,6,2
86.47,72.08,78.48,68.19,3.31,9.54,315.7,0,1,13,2,10,3,1642,graduated,2020-09-01,5,20,3
79.77,79.78,88.36,76.97,3.35,7.68,298.09,1,0,11,1,11,3,1643,graduated,2023-09-01,5,8,3
72.76,94.0,44.49,62.44,1.85,7.29,364.05,3,1,5,6,7,5,1644,active,2023-09-01,3,15,2
55.88,55.66,75.88,44.48,3.15,7.05,235.23,5,1,11,2,13,7,1645,active,2021-09-01,5,17,3
78.77,85.31,85.85,81.51,3.59,8.82,227.41,4,0,12,6,12,6,1646,active,2022-01-01,2,7,3
64.97,71.34,91.88,80.69,1.32,6.79,213.26,4,1,11,2,4,6,1647,active,2022-01-01,2,17,3
52.63,63.8,64.41,64.04,2.39,5.31,212.87,4,0,13,3,14,5,1648,active,2020-09-01,5,16,4
77.67,89.78,78.91,100.0,2.7,7.85,357.38,1,0,23,1,6,3,1649,graduated,2022-09-01,1,17,1
73.64,99.53,77.85,79.23,3.81,8.28,337.95,2,0,21,4,13,7,1650,graduated,2020-09-01,2,2,1
41.88,68.64,30.0,48.78,1.44,1.58,69.86,7,1,1,5,0,4,1651,dropped_out,2021-09-01,2,10,3
80.95,85.99,95.49,86.77,3.51,8.56,266.16,1,1,15,0,7,7,1652,graduated,2021-01-01,3,7,1
34.08,47.5,57.53,37.5,1.44,1.0,75.53,6,2,4,5,12,3,1653,dropped_out,2022-09-01,1,20,2
84.2,86.43,81.03,70.7,2.96,11.12,376.17,1,0,10,3,14,7,1654,graduated,2023-01-01,5,10,1
52.64,74.39,56.19,55.24,2.97,8.77,237.51,5,0,13,3,4,7,1655,active,2023-09-01,4,11,1
83.84,86.93,88.32,92.48,3.06,8.92,407.58,2,1,12,5,13,5,1656,graduated,2020-09-01,2,20,4
77.35,71.36,95.85,80.13,3.4,9.56,285.77,2,1,17,9,14,6,1657,graduated,2021-09-01,5,18,2
82.92,89.08,94.49,80.81,3.33,14.37,258.32,1,1,16,8,5,6,1658,graduated,2021-09-01,4,6,1
45.36,53.62,44.48,41.53,2.39,1.22,81.48,6,3,2,8,3,3,1659,dropped_out,2021-01-01,5,4,4
59.61,79.53,85.05,79.62,2.97,1.23,270.42,5,0,13,4,0,3,1660,active,2020-09-01,3,18,3
87.46,56.37,49.49,78.21,2.6,5.74,296.01,5,1,11,5,14,5,1661,active,2021-01-01,5,9,1
75.94,55.49,71.77,88.03,3.2,5.38,210.52,5,1,6,1,12,3,1662,active,2022-09-01,2,2,2
78.07,81.62,93.65,75.02,3.65,10.9,222.74,2,1,10,2,9,5,1663,graduated,2022-01-01,5,10,4
90.31,97.58,85.74,61.26,3.69,6.6,265.59,0,0,14,0,11,4,1664,graduated,2022-01-01,3,17,2
63.91,80.04,83.32,93.88,2.63,7.59,210.78,0,1,23,9,12,4,1665,graduated,2021-01-01,5,6,4
62.28,73.15,87.98,76.46,2.98,12.48,430.03,1,0,21,2,11,4,1666,graduated,2023-01-01,3,8,2
32.23,59.93,41.48,79.39,1.37,2.08,131.73,9,3,3,0,5,4,1667,dropped_out,2022-09-01,3,10,2
24.23,67.98,54.03,52.18,1.74,2.2,67.95,5,2,0,9,2,6,1668,dropped_out,2023-01-01,1,12,4
75.54,83.68,94.46,87.62,2.37,7.37,395.28,0,1,19,4,12,5,1669,graduated,2021-01-01,1,11,4
71.01,87.56,83.81,80.04,1.87,10.56,244.09,5,0,9,0,11,7,1670,active,2020-09-01,3,18,3
72.03,81.63,71.01,84.09,2.92,8.37,324.83,3,1,14,2,8,3,1671,active,2020-09-01,5,17,4
73.17,75.44,81.34,54.2,2.98,6.78,370.72,0,0,18,7,12,7,1672,graduated,2023-01-01,3,7,3
29.73,52.02,49.01,61.21,1.33,1.73,174.53,9,3,0,2,1,6,1673,dropped_out,2020-01-01,2,18,1
73.01,78.9,84.71,83.48,3.42,6.34,281.56,2,0,18,5,4,3,1674,graduated,2020-01-01,2,14,1
36.5,68.9,56.0,43.86,1.78,3.71,121.65,10,1,1,4,8,6,1675,dropped_out,2021-09-01,1,5,1
86.78,80.82,80.68,80.85,3.0,5.27,189.65,2,0,10,9,4,3,1676,graduated,2023-09-01,1,3,1
36.88,83.29,57.02,45.47,1.11,1.38,120.01,6,1,1,2,11,6,1677,dropped_out,2020-01-01,3,18,1
67.55,57.77,62.55,85.47,3.18,6.29,119.31,3,1,9,0,0,6,1678,active,2021-09-01,4,13,4
91.05,86.31,85.9,68.81,3.03,4.66,358.28,1,1,15,6,5,4,1679,graduated,2023-09-01,3,1,4
37.75,55.19,93.28,51.37,2.67,4.34,250.08,5,0,7,7,13,7,1680,active,2020-01-01,5,3,1
86.66,85.77,83.25,83.23,3.03,9.68,333.8,1,1,17,4,0,7,1681,graduated,2020-09-01,5,4,3
69.47,84.59,100.0,87.55,3.67,11.2,321.47,1,1,15,2,11,7,1682,graduated,2022-01-01,3,15,4
84.44,93.07,99.27,84.03,2.82,9.97,249.78,2,1,22,0,12,4,1683,graduated,2023-01-01,4,6,2
33.77,85.08,46.01,63.02,1.78,4.99,142.87,4,0,6,8,14,3,1684,active,2021-09-01,5,10,2
84.43,68.89,90.51,80.95,3.02,6.59,318.21,2,1,15,8,5,4,1685,graduated,2022-09-01,1,18,2
27.33,56.85,72.91,68.65,2.13,2.95,159.64,5,2,3,3,6,4,1686,dropped_out,2020-01-01,1,19,4
69.43,72.51,71.68,63.79,2.82,4.91,254.15,2,1,14,3,11,3,1687,active,2020-09-01,2,12,2
84.13,81.69,91.69,86.4,2.59,10.1,286.69,1,0,9,9,5,7,1688,graduated,2023-01-01,2,6,2
80.57,79.93,78.89,94.51,2.95,9.64,403.87,0,0,24,4,8,5,1689,graduated,2022-01-01,1,6,1
53.37,65.33,36.58,36.99,2.58,1.76,98.96,8,2,4,8,8,4,1690,dropped_out,2023-01-01,3,3,3
89.77,82.92,88.23,87.35,2.83,11.46,229.29,2,1,11,6,11,6,1691,graduated,2020-01-01,5,16,3
86.03,68.88,94.63,81.35,2.76,8.88,388.66,0,0,8,5,7,3,1692,graduated,2022-01-01,2,4,3
95.0,83.24,86.98,78.12,3.24,7.9,357.99,2,1,17,8,1,6,1693,graduated,2020-01-01,3,16,4
74.01,94.31,80.34,95.36,2.87,7.74,322.87,1,0,20,9,0,7,1694,graduated,2022-09-01,5,5,3
63.0,81.18,87.64,88.25,3.74,4.63,321.38,1,1,18,1,5,3,1695,graduated,2022-09-01,2,1,3
72.81,72.49,59.79,83.11,3.23,7.57,249.17,5,1,10,6,5,4,1696,active,2021-01-01,4,9,3
85.13,87.47,86.72,64.62,3.59,7.77,326.48,2,1,14,1,11,3,1697,graduated,2021-09-01,4,15,4
73.17,76.19,71.72,84.72,3.05,6.94,389.7,0,0,17,7,7,7,1698,graduated,2022-09-01,4,18,1
77.54,81.88,93.5,92.61,3.67,4.72,281.7,1,0,13,1,7,3,1699,graduated,2021-01-01,3,5,2
75.56,95.9,74.08,83.19,3.18,10.36,357.62,2,0,19,2,10,6,1700,graduated,2022-01-01,1,1,1
34.48,54.04,37.55,76.3,2.3,2.31,145.13,6,3,3,0,0,6,1701,dropped_out,2023-01-01,1,18,3
67.12,100.0,88.15,100.0,2.16,10.95,291.39,3,1,14,9,9,4,1702,active,2023-01-01,3,13,2
74.98,85.11,92.51,64.61,2.96,11.61,253.13,0,1,9,6,0,4,1703,graduated,2022-01-01,4,17,1
69.03,84.93,77.72,84.45,3.19,11.78,384.72,0,1,21,7,0,6,1704,graduated,2023-09-01,5,1,2
83.81,70.63,87.78,75.76,2.36,9.47,296.18,1,0,18,0,4,6,1705,graduated,2021-01-01,4,6,2
73.03,79.44,90.34,85.36,3.75,8.48,315.42,2,0,9,8,13,5,1706,graduated,2021-09-01,3,2,2
53.94,64.08,59.23,88.34,4.0,2.51,234.58,3,0,10,3,2,3,1707,active,2023-01-01,1,9,3
45.9,57.72,30.0,31.86,1.96,3.0,86.28,10,3,1,8,0,7,1708,dropped_out,2021-01-01,2,17,3
72.82,71.69,95.07,94.14,2.56,7.89,353.8,1,0,11,0,12,6,1709,graduated,2023-09-01,4,2,1
78.57,71.61,96.55,95.3,2.18,3.36,234.62,5,0,13,7,5,6,1710,active,2022-01-01,5,9,3
35.36,59.91,43.63,68.09,1.26,3.75,163.59,10,1,1,4,4,3,1711,dropped_out,2021-09-01,4,12,1
75.26,94.28,93.19,73.12,3.35,9.74,285.58,1,1,22,2,9,3,1712,graduated,2022-09-01,2,17,4
52.1,74.37,73.6,53.25,2.16,4.87,159.38,2,0,9,4,7,3,1713,active,2022-09-01,4,16,1
65.55,76.83,75.5,76.39,3.19,7.09,275.91,5,1,6,7,9,6,1714,active,2021-09-01,2,8,1
86.09,100.0,79.23,82.19,3.97,7.23,315.86,2,1,19,3,0,6,1715,graduated,2022-01-01,2,6,2
54.89,87.2,67.31,66.19,2.49,7.37,187.25,3,1,6,4,5,5,1716,active,2022-01-01,2,14,3
85.53,92.15,88.97,74.6,3.13,13.53,242.95,2,1,23,1,4,4,1717,graduated,2020-09-01,4,16,2
71.68,84.44,78.68,87.62,2.6,8.63,374.12,0,0,13,1,5,5,1718,graduated,2021-09-01,1,8,1
68.21,88.76,100.0,85.97,3.39,9.72,354.35,0,1,23,2,10,4,1719,graduated,2021-01-01,2,17,1
83.06,80.74,96.38,74.05,2.78,13.73,344.14,1,1,14,2,8,7,1720,graduated,2021-01-01,2,9,2
82.8,80.04,80.95,87.95,4.0,9.58,354.05,2,1,17,7,12,6,1721,graduated,2023-01-01,3,3,2
63.35,72.24,63.42,80.08,3.6,5.06,295.96,2,0,3,6,9,6,1722,active,2023-09-01,4,6,2
64.28,86.34,89.62,74.78,2.71,11.02,328.08,2,0,14,8,13,5,1723,graduated,2023-01-01,5,6,3
48.86,76.72,38.96,65.73,2.97,6.94,211.78,4,0,6,4,6,6,1724,active,2021-09-01,4,20,1
56.49,81.92,61.13,69.13,2.33,6.73,178.2,4,1,8,5,12,7,1725,active,2021-09-01,4,5,1
82.16,74.73,95.81,71.37,4.0,8.32,309.73,2,0,24,5,4,6,1726,graduated,2020-01-01,5,17,4
80.32,62.68,83.06,35.12,2.45,5.05,202.68,4,1,11,9,1,7,1727,active,2021-01-01,2,16,1
81.14,81.26,85.31,91.75,3.44,4.55,269.3,0,1,24,0,14,4,1728,graduated,2020-01-01,4,5,1
82.16,84.24,100.0,78.47,2.3,8.89,435.12,1,0,13,4,6,5,1729,graduated,2023-09-01,3,2,4
76.37,79.55,96.82,100.0,3.69,7.63,336.71,2,0,22,4,12,6,1730,graduated,2021-09-01,4,12,1
65.81,67.26,100.0,71.83,0.94,5.55,378.06,5,1,14,0,4,4,1731,active,2023-01-01,3,16,2
78.76,81.01,84.54,84.38,2.88,7.46,355.68,1,0,17,6,10,7,1732,graduated,2020-09-01,5,18,4
92.28,80.48,70.58,74.85,3.73,6.84,276.86,0,0,18,8,13,3,1733,graduated,2022-01-01,1,1,1
66.32,68.4,67.07,69.51,1.95,4.92,70.39,3,1,10,2,14,3,1734,active,2020-09-01,2,11,4
73.86,96.12,98.53,85.09,3.97,8.59,391.03,0,0,19,4,13,5,1735,graduated,2022-01-01,2,14,3
47.23,44.74,54.88,30.0,2.3,2.14,167.72,7,3,1,0,13,4,1736,dropped_out,2022-09-01,5,12,3
68.97,71.33,80.05,89.17,2.92,8.24,139.91,0,1,9,7,5,4,1737,graduated,2023-01-01,4,18,4
26.08,53.52,54.49,74.18,0.62,1.29,90.5,9,1,1,6,12,3,1738,dropped_out,2021-09-01,5,18,4
66.54,84.66,83.43,85.86,1.73,5.92,311.22,5,0,14,6,10,5,1739,active,2022-09-01,5,12,4
81.17,86.36,81.23,93.29,3.44,6.99,313.88,0,0,21,5,0,5,1740,graduated,2021-01-01,2,15,2
21.72,64.75,65.39,42.39,2.05,2.25,154.34,10,1,1,2,7,4,1741,dropped_out,2020-01-01,5,13,3
73.27,89.5,82.71,85.45,3.31,6.0,321.75,2,1,8,7,11,4,1742,graduated,2020-01-01,4,1,1
62.28,88.81,89.8,66.74,3.52,8.0,280.25,2,0,16,7,5,3,1743,graduated,2021-09-01,5,14,1
83.7,77.25,86.13,96.36,3.79,6.75,412.67,1,1,22,6,3,4,1744,graduated,2020-09-01,2,12,1
23.37,71.9,43.77,47.18,0.62,1.48,97.71,7,1,1,4,9,5,1745,dropped_out,2020-09-01,4,20,3
78.43,92.51,86.1,71.7,2.83,7.3,284.93,2,0,21,0,13,4,1746,graduated,2020-01-01,4,15,1
74.13,75.79,88.0,79.54,3.45,6.12,253.35,1,0,13,4,2,6,1747,graduated,2021-09-01,2,2,2
79.57,79.8,84.88,76.39,3.32,11.54,326.1,1,0,11,2,14,6,1748,graduated,2021-01-01,3,8,1
33.78,68.89,49.13,54.93,2.62,1.98,214.59,7,2,3,8,4,4,1749,dropped_out,2021-01-01,3,13,3
88.63,75.59,92.72,85.84,3.28,9.36,379.94,1,0,13,2,9,3,1750,graduated,2023-09-01,5,7,1
89.42,86.57,83.18,95.18,3.55,11.04,270.77,2,1,13,4,3,5,1751,graduated,2020-01-01,5,10,3
88.53,84.24,81.52,72.97,2.96,9.22,437.88,1,1,12,8,9,6,1752,graduated,2022-09-01,2,20,2
76.35,85.55,93.7,67.19,3.11,8.8,320.66,0,0,16,3,12,4,1753,graduated,2023-09-01,5,1,3
77.88,80.51,93.57,89.53,3.36,8.11,349.1,2,1,11,1,13,3,1754,graduated,2021-09-01,5,4,1
54.23,96.29,79.4,74.75,3.04,9.48,241.75,5,1,4,7,10,4,1755,active,2022-09-01,1,17,3
80.6,88.71,88.01,81.24,3.03,10.23,241.36,0,1,22,2,12,6,1756,graduated,2022-09-01,4,19,4
87.01,86.54,95.85,97.39,2.54,6.0,363.74,1,0,11,0,6,3,1757,graduated,2021-09-01,4,15,1
84.53,89.82,96.32,94.08,2.79,8.04,263.6,0,0,14,8,5,4,1758,graduated,2023-01-01,3,3,4
38.67,76.59,65.43,58.1,2.57,8.82,249.12,2,0,8,4,4,3,1759,active,2021-01-01,3,14,3
84.02,85.3,92.85,73.66,3.58,7.4,269.88,1,0,9,6,8,6,1760,graduated,2020-09-01,2,10,1
54.8,96.31,62.66,84.46,1.34,9.74,82.16,2,1,10,2,12,4,1761,active,2023-09-01,1,18,2
52.61,66.43,53.18,71.06,2.76,7.58,301.34,5,1,12,8,12,7,1762,active,2023-09-01,3,7,3
81.61,84.53,86.23,89.45,3.28,6.2,308.38,1,0,23,3,7,3,1763,graduated,2021-01-01,4,7,2
80.9,80.75,78.53,82.18,3.16,9.99,305.42,0,0,10,1,14,3,1764,graduated,2021-09-01,2,8,2
74.77,79.79,85.39,87.41,4.0,7.88,341.61,0,1,20,7,3,7,1765,graduated,2021-09-01,2,4,1
58.23,49.13,55.66,64.9,2.19,3.65,97.31,8,3,4,8,3,5,1766,dropped_out,2020-09-01,5,1,1
84.48,97.21,100.0,78.46,4.0,6.7,489.45,0,1,14,1,12,7,1767,graduated,2023-09-01,5,11,4
84.26,69.93,93.23,72.64,3.39,3.81,281.82,1,0,14,5,6,3,1768,graduated,2022-09-01,2,17,3
80.31,86.33,96.48,76.51,2.72,6.47,203.87,1,0,13,0,0,3,1769,graduated,2023-01-01,5,5,1
63.02,83.63,66.53,86.69,1.84,3.5,198.74,3,0,11,5,0,5,1770,active,2023-09-01,5,2,3
63.93,86.59,86.75,78.13,2.8,7.41,223.03,4,0,13,7,5,7,1771,active,2023-01-01,4,4,4
60.88,68.14,64.66,74.49,2.88,9.28,333.69,2,0,14,2,10,7,1772,active,2022-01-01,1,7,4
76.14,82.88,48.8,75.06,2.37,4.75,362.51,4,1,10,2,6,6,1773,active,2020-09-01,3,20,3
84.37,87.32,90.78,96.95,3.47,10.65,136.64,1,1,9,2,0,7,1774,graduated,2021-09-01,2,9,4
35.72,45.56,60.34,64.08,2.01,1.56,164.84,6,3,2,4,9,6,1775,dropped_out,2022-09-01,2,16,4
75.84,73.88,98.82,97.05,4.0,8.42,449.55,1,1,24,7,6,6,1776,graduated,2021-09-01,3,12,4
44.26,58.12,30.0,38.26,1.01,1.94,77.09,6,3,1,7,12,3,1777,dropped_out,2022-09-01,2,19,2
37.28,45.23,61.41,30.0,0.78,3.6,177.66,10,1,2,8,13,4,1778,dropped_out,2021-01-01,3,8,4
81.63,78.61,89.77,83.85,3.38,7.91,298.25,0,1,9,7,5,3,1779,graduated,2023-01-01,2,5,4
82.88,74.45,83.53,86.72,3.18,10.24,435.67,2,1,12,3,13,6,1780,graduated,2020-01-01,4,16,2
76.07,84.44,97.71,63.62,3.16,5.87,114.45,0,1,23,2,0,3,1781,graduated,2022-09-01,3,9,1
79.58,94.88,83.86,63.88,4.0,10.01,308.18,2,0,15,5,8,4,1782,graduated,2023-01-01,2,2,2
70.39,64.35,81.34,100.0,3.25,10.75,301.26,1,1,9,2,6,4,1783,graduated,2022-09-01,1,15,3
65.58,73.77,87.33,79.4,4.0,8.1,309.01,1,0,18,3,4,7,1784,graduated,2022-09-01,3,18,3
40.96,52.81,62.59,38.57,1.86,1.0,98.75,6,1,3,8,7,5,1785,dropped_out,2022-01-01,4,4,3
88.6,91.71,94.54,82.22,1.83,9.39,371.77,2,1,8,1,14,4,1786,graduated,2021-01-01,3,12,3
53.31,78.1,59.79,30.0,1.5,3.07,123.63,9,3,2,2,5,6,1787,dropped_out,2023-09-01,1,13,3
86.59,81.37,89.61,40.23,2.3,6.88,101.9,2,0,8,8,14,3,1788,active,2023-01-01,2,11,4
60.99,81.61,67.19,62.66,1.97,8.12,231.72,5,0,4,6,7,5,1789,active,2023-01-01,1,6,3
72.45,78.05,89.14,58.04,2.43,9.28,331.75,2,1,19,9,2,7,1790,graduated,2021-09-01,3,10,3
54.82,74.6,100.0,61.92,2.66,4.7,249.91,3,1,12,9,14,3,1791,active,2023-09-01,4,12,4
84.38,94.5,84.38,92.76,3.27,10.1,339.8,2,1,11,0,11,6,1792,graduated,2023-01-01,2,1,2
74.08,92.03,80.43,87.85,3.13,9.06,303.62,1,0,24,4,0,7,1793,graduated,2021-09-01,1,7,2
80.25,99.66,75.76,77.06,3.15,6.68,356.25,1,0,22,3,4,4,1794,graduated,2023-01-01,1,3,4
66.14,90.02,100.0,76.56,3.31,7.38,348.04,1,1,13,3,6,4,1795,graduated,2020-01-01,4,17,1
48.37,78.05,83.33,43.48,2.77,4.73,60.0,3,1,6,0,6,6,1796,active,2020-09-01,5,5,1
95.0,78.97,87.09,74.16,2.98,11.03,335.75,1,1,14,2,7,3,1797,graduated,2023-09-01,2,8,3
74.23,93.97,100.0,82.99,3.81,10.01,304.84,0,0,22,2,13,4,1798,graduated,2023-01-01,2,17,2
64.89,95.42,75.85,82.86,3.01,7.64,158.98,2,0,7,2,13,7,1799,active,2020-01-01,3,11,4
